"","date_day","poll","all"
"1",2007-01-22,1,23
"2",2007-01-23,5,36
"3",2007-01-24,2,38
"4",2007-01-27,3,19
"5",2007-01-28,2,13
"6",2007-01-29,4,39
"7",2007-01-30,3,36
"8",2007-01-31,2,47
"9",2007-02-01,1,13
"10",2007-02-02,2,21
"11",2007-02-03,2,11
"12",2007-02-04,1,6
"13",2007-02-05,2,38
"14",2007-02-06,6,35
"15",2007-02-07,3,45
"16",2007-02-12,4,36
"17",2007-02-13,2,46
"18",2007-02-14,5,43
"19",2007-02-16,1,20
"20",2007-02-19,6,36
"21",2007-02-21,1,25
"22",2007-02-22,2,25
"23",2007-02-23,2,22
"24",2007-02-24,3,11
"25",2007-02-25,1,4
"26",2007-02-26,4,31
"27",2007-02-27,9,40
"28",2007-02-28,6,35
"29",2007-03-01,1,24
"30",2007-03-02,4,15
"31",2007-03-04,2,6
"32",2007-03-05,7,46
"33",2007-03-06,5,41
"34",2007-03-07,1,38
"35",2007-03-08,4,23
"36",2007-03-09,1,16
"37",2007-03-11,1,5
"38",2007-03-12,5,39
"39",2007-03-13,3,31
"40",2007-03-14,3,45
"41",2007-03-16,1,18
"42",2007-03-17,2,26
"43",2007-03-19,3,52
"44",2007-03-20,3,40
"45",2007-03-21,2,41
"46",2007-03-23,1,20
"47",2007-03-25,2,9
"48",2007-03-26,5,35
"49",2007-03-27,7,39
"50",2007-03-28,6,37
"51",2007-03-29,2,23
"52",2007-03-30,2,17
"53",2007-04-02,5,30
"54",2007-04-04,2,18
"55",2007-04-05,2,10
"56",2007-04-06,4,16
"57",2007-04-07,2,9
"58",2007-04-09,6,34
"59",2007-04-10,8,34
"60",2007-04-11,8,45
"61",2007-04-12,3,23
"62",2007-04-13,4,19
"63",2007-04-15,1,9
"64",2007-04-16,9,39
"65",2007-04-17,8,35
"66",2007-04-18,7,34
"67",2007-04-20,1,23
"68",2007-04-22,1,8
"69",2007-04-23,7,40
"70",2007-04-24,11,38
"71",2007-04-25,5,36
"72",2007-04-26,4,30
"73",2007-04-27,4,23
"74",2007-04-29,1,5
"75",2007-04-30,5,34
"76",2007-05-01,4,42
"77",2007-05-02,6,33
"78",2007-05-03,4,32
"79",2007-05-04,3,20
"80",2007-05-07,12,39
"81",2007-05-08,5,29
"82",2007-05-09,6,41
"83",2007-05-10,4,26
"84",2007-05-11,4,23
"85",2007-05-12,2,3
"86",2007-05-13,1,9
"87",2007-05-14,4,30
"88",2007-05-15,6,49
"89",2007-05-16,2,45
"90",2007-05-17,4,31
"91",2007-05-18,3,27
"92",2007-05-19,1,4
"93",2007-05-20,2,5
"94",2007-05-21,7,37
"95",2007-05-22,8,38
"96",2007-05-23,8,42
"97",2007-05-24,6,33
"98",2007-05-25,1,17
"99",2007-05-26,1,7
"100",2007-05-27,2,6
"101",2007-05-28,6,11
"102",2007-05-29,2,29
"103",2007-05-30,3,21
"104",2007-05-31,2,20
"105",2007-06-01,2,26
"106",2007-06-02,2,9
"107",2007-06-03,2,23
"108",2007-06-04,6,37
"109",2007-06-05,5,34
"110",2007-06-06,4,37
"111",2007-06-07,7,26
"112",2007-06-09,2,5
"113",2007-06-10,2,5
"114",2007-06-11,9,31
"115",2007-06-12,10,50
"116",2007-06-13,2,34
"117",2007-06-14,9,35
"118",2007-06-15,3,21
"119",2007-06-16,3,4
"120",2007-06-17,2,5
"121",2007-06-18,9,32
"122",2007-06-19,6,41
"123",2007-06-20,5,30
"124",2007-06-21,8,40
"125",2007-06-22,2,22
"126",2007-06-23,3,6
"127",2007-06-24,1,6
"128",2007-06-25,7,36
"129",2007-06-26,5,42
"130",2007-06-27,7,37
"131",2007-06-28,7,38
"132",2007-06-29,3,25
"133",2007-06-30,3,8
"134",2007-07-02,10,39
"135",2007-07-03,5,21
"136",2007-07-04,2,8
"137",2007-07-06,3,17
"138",2007-07-07,1,6
"139",2007-07-08,1,5
"140",2007-07-09,2,29
"141",2007-07-10,5,35
"142",2007-07-11,7,31
"143",2007-07-12,3,28
"144",2007-07-13,2,22
"145",2007-07-14,5,10
"146",2007-07-15,1,4
"147",2007-07-16,6,40
"148",2007-07-17,1,31
"149",2007-07-18,6,38
"150",2007-07-19,1,22
"151",2007-07-20,3,25
"152",2007-07-21,1,5
"153",2007-07-22,3,9
"154",2007-07-23,7,47
"155",2007-07-24,3,27
"156",2007-07-25,1,39
"157",2007-07-26,2,34
"158",2007-07-27,2,24
"159",2007-07-28,1,7
"160",2007-07-29,1,5
"161",2007-07-30,3,31
"162",2007-07-31,6,37
"163",2007-08-01,6,42
"164",2007-08-02,4,30
"165",2007-08-03,4,21
"166",2007-08-04,2,26
"167",2007-08-05,2,8
"168",2007-08-06,6,28
"169",2007-08-07,4,37
"170",2007-08-08,3,22
"171",2007-08-09,8,42
"172",2007-08-10,2,22
"173",2007-08-11,6,9
"174",2007-08-12,2,4
"175",2007-08-13,8,23
"176",2007-08-14,3,14
"177",2007-08-15,3,15
"178",2007-08-16,6,22
"179",2007-08-17,6,17
"180",2007-08-18,5,11
"181",2007-08-19,4,5
"182",2007-08-20,3,12
"183",2007-08-21,4,11
"184",2007-08-22,4,20
"185",2007-08-23,2,22
"186",2007-08-24,4,19
"187",2007-08-25,1,6
"188",2007-08-26,1,6
"189",2007-08-27,1,31
"190",2007-08-28,3,32
"191",2007-08-29,2,31
"192",2007-08-31,4,27
"193",2007-09-01,1,6
"194",2007-09-02,2,2
"195",2007-09-03,5,18
"196",2007-09-04,7,47
"197",2007-09-05,7,45
"198",2007-09-06,8,36
"199",2007-09-08,2,7
"200",2007-09-10,5,76
"201",2007-09-11,9,89
"202",2007-09-12,7,43
"203",2007-09-13,4,36
"204",2007-09-14,3,25
"205",2007-09-15,1,9
"206",2007-09-16,2,11
"207",2007-09-17,4,44
"208",2007-09-18,12,49
"209",2007-09-19,4,51
"210",2007-09-21,2,20
"211",2007-09-22,3,11
"212",2007-09-23,2,15
"213",2007-09-24,7,35
"214",2007-09-25,7,37
"215",2007-09-26,8,70
"216",2007-09-27,3,32
"217",2007-09-28,3,41
"218",2007-09-29,3,5
"219",2007-09-30,4,7
"220",2007-10-01,6,38
"221",2007-10-02,7,51
"222",2007-10-03,8,41
"223",2007-10-04,6,33
"224",2007-10-05,3,19
"225",2007-10-06,2,5
"226",2007-10-07,2,10
"227",2007-10-08,7,26
"228",2007-10-09,5,40
"229",2007-10-10,5,35
"230",2007-10-11,4,36
"231",2007-10-12,4,28
"232",2007-10-13,4,7
"233",2007-10-14,1,11
"234",2007-10-15,6,48
"235",2007-10-16,6,46
"236",2007-10-17,4,54
"237",2007-10-18,12,38
"238",2007-10-19,7,28
"239",2007-10-20,3,9
"240",2007-10-21,2,6
"241",2007-10-22,8,32
"242",2007-10-23,10,49
"243",2007-10-24,6,47
"244",2007-10-25,5,43
"245",2007-10-26,1,27
"246",2007-10-27,2,12
"247",2007-10-28,3,10
"248",2007-10-29,7,34
"249",2007-10-30,15,58
"250",2007-10-31,10,57
"251",2007-11-01,9,37
"252",2007-11-02,3,26
"253",2007-11-03,2,5
"254",2007-11-05,9,35
"255",2007-11-06,8,42
"256",2007-11-07,9,41
"257",2007-11-08,7,25
"258",2007-11-09,5,34
"259",2007-11-10,4,21
"260",2007-11-11,4,15
"261",2007-11-12,10,33
"262",2007-11-13,9,40
"263",2007-11-14,13,42
"264",2007-11-15,5,65
"265",2007-11-16,2,26
"266",2007-11-17,3,11
"267",2007-11-18,2,6
"268",2007-11-19,8,41
"269",2007-11-20,10,31
"270",2007-11-21,1,20
"271",2007-11-22,1,3
"272",2007-11-23,1,6
"273",2007-11-24,2,6
"274",2007-11-25,4,13
"275",2007-11-26,6,49
"276",2007-11-27,9,30
"277",2007-11-28,1,24
"278",2007-11-29,5,33
"279",2007-11-30,6,36
"280",2007-12-01,6,28
"281",2007-12-02,5,17
"282",2007-12-03,15,39
"283",2007-12-04,10,54
"284",2007-12-05,17,56
"285",2007-12-07,4,23
"286",2007-12-08,4,16
"287",2007-12-09,2,11
"288",2007-12-10,10,41
"289",2007-12-11,11,57
"290",2007-12-12,18,58
"291",2007-12-13,4,45
"292",2007-12-14,4,34
"293",2007-12-15,3,15
"294",2007-12-16,3,11
"295",2007-12-17,8,52
"296",2007-12-18,2,33
"297",2007-12-19,3,37
"298",2007-12-20,7,43
"299",2007-12-21,11,33
"300",2007-12-22,4,28
"301",2007-12-23,4,12
"302",2007-12-24,3,11
"303",2007-12-25,1,3
"304",2007-12-26,9,25
"305",2007-12-27,5,44
"306",2007-12-28,6,36
"307",2007-12-29,7,19
"308",2007-12-30,9,23
"309",2007-12-31,10,33
"310",2008-01-01,6,30
"311",2008-01-02,10,39
"312",2008-01-03,16,61
"313",2008-01-04,17,53
"314",2008-01-05,13,43
"315",2008-01-06,9,35
"316",2008-01-07,8,43
"317",2008-01-08,16,60
"318",2008-01-09,14,30
"319",2008-01-10,9,30
"320",2008-01-11,4,27
"321",2008-01-12,4,12
"322",2008-01-13,4,16
"323",2008-01-14,8,41
"324",2008-01-15,11,64
"325",2008-01-16,13,60
"326",2008-01-17,6,46
"327",2008-01-18,8,33
"328",2008-01-19,6,18
"329",2008-01-20,7,17
"330",2008-01-21,5,46
"331",2008-01-22,11,62
"332",2008-01-23,9,56
"333",2008-01-24,9,51
"334",2008-01-25,4,33
"335",2008-01-26,11,39
"336",2008-01-27,6,24
"337",2008-01-28,12,76
"338",2008-01-29,9,61
"339",2008-01-30,10,55
"340",2008-01-31,12,83
"341",2008-02-01,9,40
"342",2008-02-02,3,16
"343",2008-02-03,5,22
"344",2008-02-04,10,57
"345",2008-02-05,32,83
"346",2008-02-06,13,73
"347",2008-02-07,6,45
"348",2008-02-08,7,39
"349",2008-02-09,5,33
"350",2008-02-10,2,14
"351",2008-02-11,10,54
"352",2008-02-12,13,105
"353",2008-02-13,12,73
"354",2008-02-14,3,41
"355",2008-02-15,3,34
"356",2008-02-16,2,13
"357",2008-02-17,2,23
"358",2008-02-18,10,35
"359",2008-02-19,11,49
"360",2008-02-20,4,41
"361",2008-02-21,2,48
"362",2008-02-22,2,33
"363",2008-02-23,1,15
"364",2008-02-24,3,21
"365",2008-02-25,4,43
"366",2008-02-26,7,68
"367",2008-02-27,8,67
"368",2008-02-28,4,46
"369",2008-02-29,2,41
"370",2008-03-01,1,12
"371",2008-03-02,6,20
"372",2008-03-03,5,51
"373",2008-03-04,14,68
"374",2008-03-05,14,61
"375",2008-03-06,5,48
"376",2008-03-07,2,37
"377",2008-03-08,1,15
"378",2008-03-09,1,10
"379",2008-03-10,4,53
"380",2008-03-11,7,58
"381",2008-03-12,6,66
"382",2008-03-13,4,55
"383",2008-03-14,3,38
"384",2008-03-15,2,16
"385",2008-03-16,2,19
"386",2008-03-17,4,55
"387",2008-03-18,9,61
"388",2008-03-19,6,41
"389",2008-03-20,7,47
"390",2008-03-21,5,44
"391",2008-03-22,3,11
"392",2008-03-23,1,7
"393",2008-03-24,3,43
"394",2008-03-25,5,42
"395",2008-03-26,2,31
"396",2008-03-27,4,34
"397",2008-03-28,6,31
"398",2008-03-29,1,12
"399",2008-03-30,3,16
"400",2008-03-31,4,39
"401",2008-04-01,3,53
"402",2008-04-02,8,58
"403",2008-04-03,7,51
"404",2008-04-04,2,38
"405",2008-04-05,2,15
"406",2008-04-06,4,15
"407",2008-04-07,6,41
"408",2008-04-08,8,88
"409",2008-04-09,9,63
"410",2008-04-10,7,60
"411",2008-04-11,1,32
"412",2008-04-12,1,18
"413",2008-04-13,1,27
"414",2008-04-14,6,64
"415",2008-04-15,6,70
"416",2008-04-16,8,65
"417",2008-04-17,7,55
"418",2008-04-18,6,45
"419",2008-04-19,3,14
"420",2008-04-20,4,19
"421",2008-04-21,19,69
"422",2008-04-22,25,75
"423",2008-04-23,8,57
"424",2008-04-24,12,51
"425",2008-04-25,6,39
"426",2008-04-26,2,12
"427",2008-04-27,5,24
"428",2008-04-28,6,51
"429",2008-04-29,6,68
"430",2008-04-30,8,63
"431",2008-05-01,7,60
"432",2008-05-02,9,42
"433",2008-05-03,7,24
"434",2008-05-04,2,26
"435",2008-05-05,14,57
"436",2008-05-06,17,81
"437",2008-05-07,9,76
"438",2008-05-08,10,71
"439",2008-05-09,6,56
"440",2008-05-10,3,14
"441",2008-05-11,5,15
"442",2008-05-12,10,44
"443",2008-05-13,24,75
"444",2008-05-14,9,77
"445",2008-05-15,9,68
"446",2008-05-16,6,49
"447",2008-05-17,1,21
"448",2008-05-18,2,12
"449",2008-05-19,7,49
"450",2008-05-20,16,70
"451",2008-05-21,10,68
"452",2008-05-22,9,54
"453",2008-05-23,1,31
"454",2008-05-24,2,10
"455",2008-05-26,4,18
"456",2008-05-27,10,55
"457",2008-05-28,9,39
"458",2008-05-29,8,57
"459",2008-05-30,10,41
"460",2008-05-31,4,46
"461",2008-06-01,8,22
"462",2008-06-02,6,57
"463",2008-06-03,18,110
"464",2008-06-04,8,81
"465",2008-06-05,6,60
"466",2008-06-06,8,40
"467",2008-06-07,4,25
"468",2008-06-08,1,8
"469",2008-06-09,7,49
"470",2008-06-10,7,51
"471",2008-06-11,4,56
"472",2008-06-12,7,51
"473",2008-06-13,3,42
"474",2008-06-15,3,13
"475",2008-06-16,4,39
"476",2008-06-17,4,42
"477",2008-06-18,6,60
"478",2008-06-19,3,58
"479",2008-06-20,7,45
"480",2008-06-21,3,9
"481",2008-06-22,1,15
"482",2008-06-23,3,34
"483",2008-06-24,4,60
"484",2008-06-25,7,56
"485",2008-06-26,7,62
"486",2008-06-27,3,40
"487",2008-06-28,3,10
"488",2008-06-29,1,9
"489",2008-06-30,11,47
"490",2008-07-01,5,48
"491",2008-07-02,5,33
"492",2008-07-03,9,30
"493",2008-07-04,3,7
"494",2008-07-05,4,9
"495",2008-07-06,6,10
"496",2008-07-07,7,32
"497",2008-07-08,9,52
"498",2008-07-09,12,49
"499",2008-07-10,2,44
"500",2008-07-11,1,40
"501",2008-07-12,1,7
"502",2008-07-13,2,16
"503",2008-07-14,5,44
"504",2008-07-15,7,53
"505",2008-07-16,13,52
"506",2008-07-17,8,52
"507",2008-07-18,8,32
"508",2008-07-19,3,17
"509",2008-07-20,1,20
"510",2008-07-21,3,36
"511",2008-07-22,7,68
"512",2008-07-23,5,60
"513",2008-07-24,8,66
"514",2008-07-25,5,45
"515",2008-07-26,4,22
"516",2008-07-27,3,14
"517",2008-07-28,7,40
"518",2008-07-29,10,62
"519",2008-07-30,9,61
"520",2008-07-31,5,64
"521",2008-08-01,2,43
"522",2008-08-02,3,10
"523",2008-08-03,2,14
"524",2008-08-04,8,45
"525",2008-08-05,11,52
"526",2008-08-06,6,44
"527",2008-08-07,2,42
"528",2008-08-08,2,40
"529",2008-08-09,1,14
"530",2008-08-10,2,13
"531",2008-08-11,5,38
"532",2008-08-12,8,59
"533",2008-08-13,7,42
"534",2008-08-14,2,29
"535",2008-08-15,2,33
"536",2008-08-16,3,24
"537",2008-08-17,4,14
"538",2008-08-18,4,35
"539",2008-08-19,5,55
"540",2008-08-20,12,50
"541",2008-08-21,7,47
"542",2008-08-22,3,45
"543",2008-08-23,5,39
"544",2008-08-24,6,40
"545",2008-08-25,14,99
"546",2008-08-26,8,87
"547",2008-08-27,9,97
"548",2008-08-28,6,76
"549",2008-08-29,6,80
"550",2008-08-30,3,27
"551",2008-08-31,3,26
"552",2008-09-01,3,48
"553",2008-09-02,5,60
"554",2008-09-03,5,73
"555",2008-09-04,7,72
"556",2008-09-05,3,31
"557",2008-09-06,2,18
"558",2008-09-07,3,20
"559",2008-09-08,5,47
"560",2008-09-09,23,78
"561",2008-09-10,14,67
"562",2008-09-11,5,70
"563",2008-09-12,6,53
"564",2008-09-13,4,13
"565",2008-09-14,4,22
"566",2008-09-15,6,72
"567",2008-09-16,9,75
"568",2008-09-17,8,78
"569",2008-09-18,10,83
"570",2008-09-19,3,73
"571",2008-09-20,6,41
"572",2008-09-21,5,33
"573",2008-09-22,8,73
"574",2008-09-23,13,106
"575",2008-09-24,19,109
"576",2008-09-25,6,110
"577",2008-09-26,10,109
"578",2008-09-27,7,41
"579",2008-09-28,1,43
"580",2008-09-29,4,98
"581",2008-09-30,10,86
"582",2008-10-01,11,98
"583",2008-10-02,15,122
"584",2008-10-03,9,77
"585",2008-10-04,8,19
"586",2008-10-05,8,26
"587",2008-10-06,13,67
"588",2008-10-07,15,101
"589",2008-10-08,10,69
"590",2008-10-09,8,59
"591",2008-10-10,7,69
"592",2008-10-11,3,18
"593",2008-10-12,5,21
"594",2008-10-13,14,52
"595",2008-10-14,13,68
"596",2008-10-15,18,108
"597",2008-10-16,17,72
"598",2008-10-17,11,56
"599",2008-10-18,6,23
"600",2008-10-19,8,35
"601",2008-10-20,15,70
"602",2008-10-21,14,83
"603",2008-10-22,15,63
"604",2008-10-23,12,64
"605",2008-10-24,14,58
"606",2008-10-25,10,35
"607",2008-10-26,12,33
"608",2008-10-27,13,71
"609",2008-10-28,25,100
"610",2008-10-29,16,76
"611",2008-10-30,17,79
"612",2008-10-31,18,61
"613",2008-11-01,12,36
"614",2008-11-02,22,58
"615",2008-11-03,22,92
"616",2008-11-04,46,138
"617",2008-11-05,14,81
"618",2008-11-06,4,87
"619",2008-11-07,8,82
"620",2008-11-08,6,17
"621",2008-11-09,3,19
"622",2008-11-10,3,42
"623",2008-11-11,9,49
"624",2008-11-12,2,69
"625",2008-11-13,7,58
"626",2008-11-14,1,56
"627",2008-11-16,3,15
"628",2008-11-17,6,42
"629",2008-11-18,3,85
"630",2008-11-19,2,73
"631",2008-11-20,3,70
"632",2008-11-22,1,21
"633",2008-11-24,2,43
"634",2008-11-25,2,73
"635",2008-11-26,2,40
"636",2008-11-29,1,11
"637",2008-11-30,4,20
"638",2008-12-01,2,56
"639",2008-12-02,7,68
"640",2008-12-03,2,55
"641",2008-12-04,3,76
"642",2008-12-05,4,48
"643",2008-12-06,2,14
"644",2008-12-07,3,26
"645",2008-12-08,2,56
"646",2008-12-09,5,103
"647",2008-12-10,4,90
"648",2008-12-11,5,66
"649",2008-12-12,2,51
"650",2008-12-13,1,21
"651",2008-12-14,2,10
"652",2008-12-15,1,58
"653",2008-12-16,3,70
"654",2008-12-17,5,55
"655",2008-12-18,4,57
"656",2008-12-21,3,17
"657",2008-12-22,2,33
"658",2008-12-23,1,31
"659",2008-12-24,2,17
"660",2008-12-26,2,19
"661",2008-12-28,2,15
"662",2008-12-29,1,26
"663",2008-12-30,1,47
"664",2008-12-31,2,29
"665",2009-01-01,2,14
"666",2009-01-02,1,30
"667",2009-01-03,1,14
"668",2009-01-04,1,23
"669",2009-01-05,2,59
"670",2009-01-06,5,74
"671",2009-01-08,6,86
"672",2009-01-09,4,56
"673",2009-01-10,1,16
"674",2009-01-11,1,27
"675",2009-01-12,1,59
"676",2009-01-13,4,100
"677",2009-01-14,8,73
"678",2009-01-15,3,102
"679",2009-01-16,5,44
"680",2009-01-18,3,33
"681",2009-01-19,3,60
"682",2009-01-20,1,159
"683",2009-01-21,3,104
"684",2009-01-22,2,94
"685",2009-01-23,1,61
"686",2009-01-24,1,15
"687",2009-01-26,8,83
"688",2009-01-27,2,75
"689",2009-01-28,6,86
"690",2009-01-29,6,89
"691",2009-01-30,3,55
"692",2009-02-01,3,28
"693",2009-02-02,4,64
"694",2009-02-03,6,75
"695",2009-02-04,5,72
"696",2009-02-05,5,73
"697",2009-02-06,3,56
"698",2009-02-07,1,12
"699",2009-02-09,12,84
"700",2009-02-10,6,80
"701",2009-02-11,4,67
"702",2009-02-12,7,79
"703",2009-02-13,3,77
"704",2009-02-14,2,12
"705",2009-02-15,1,21
"706",2009-02-16,2,26
"707",2009-02-17,4,66
"708",2009-02-18,1,53
"709",2009-02-19,2,53
"710",2009-02-20,4,55
"711",2009-02-23,6,76
"712",2009-02-24,10,121
"713",2009-02-25,3,106
"714",2009-02-26,5,89
"715",2009-02-27,2,59
"716",2009-02-28,4,23
"717",2009-03-01,5,47
"718",2009-03-02,5,70
"719",2009-03-03,8,105
"720",2009-03-04,14,79
"721",2009-03-05,10,91
"722",2009-03-06,1,66
"723",2009-03-07,3,11
"724",2009-03-09,8,57
"725",2009-03-10,7,74
"726",2009-03-11,6,72
"727",2009-03-12,5,77
"728",2009-03-13,1,45
"729",2009-03-14,1,14
"730",2009-03-16,4,67
"731",2009-03-17,8,94
"732",2009-03-18,7,124
"733",2009-03-19,9,92
"734",2009-03-20,6,81
"735",2009-03-22,1,38
"736",2009-03-23,5,70
"737",2009-03-24,8,120
"738",2009-03-25,9,94
"739",2009-03-26,4,79
"740",2009-03-27,4,46
"741",2009-03-28,2,16
"742",2009-03-29,2,43
"743",2009-03-30,9,79
"744",2009-03-31,7,69
"745",2009-04-01,10,87
"746",2009-04-02,6,80
"747",2009-04-03,8,76
"748",2009-04-05,4,41
"749",2009-04-06,2,55
"750",2009-04-07,9,83
"751",2009-04-08,3,48
"752",2009-04-09,1,47
"753",2009-04-10,1,29
"754",2009-04-11,2,21
"755",2009-04-12,2,25
"756",2009-04-13,4,50
"757",2009-04-14,11,72
"758",2009-04-15,3,56
"759",2009-04-16,3,45
"760",2009-04-17,1,45
"761",2009-04-20,6,77
"762",2009-04-21,3,89
"763",2009-04-22,6,85
"764",2009-04-23,7,92
"765",2009-04-24,7,78
"766",2009-04-25,3,16
"767",2009-04-26,1,41
"768",2009-04-27,4,74
"769",2009-04-28,20,117
"770",2009-04-29,11,120
"771",2009-04-30,10,93
"772",2009-05-01,3,55
"773",2009-05-02,1,16
"774",2009-05-03,2,72
"775",2009-05-04,10,61
"776",2009-05-05,5,90
"777",2009-05-06,8,75
"778",2009-05-07,10,81
"779",2009-05-08,3,40
"780",2009-05-09,1,42
"781",2009-05-10,3,48
"782",2009-05-11,4,69
"783",2009-05-12,7,92
"784",2009-05-13,6,88
"785",2009-05-14,2,77
"786",2009-05-15,6,74
"787",2009-05-16,1,16
"788",2009-05-17,4,44
"789",2009-05-18,9,71
"790",2009-05-19,13,87
"791",2009-05-20,11,78
"792",2009-05-21,5,77
"793",2009-05-22,7,70
"794",2009-05-23,1,14
"795",2009-05-24,2,34
"796",2009-05-26,6,104
"797",2009-05-27,1,71
"798",2009-05-28,3,51
"799",2009-05-29,2,49
"800",2009-05-31,2,33
"801",2009-06-01,3,79
"802",2009-06-02,5,82
"803",2009-06-03,10,89
"804",2009-06-04,5,94
"805",2009-06-05,8,77
"806",2009-06-08,9,62
"807",2009-06-09,12,77
"808",2009-06-10,9,75
"809",2009-06-11,9,79
"810",2009-06-12,6,76
"811",2009-06-13,1,13
"812",2009-06-14,6,34
"813",2009-06-15,5,68
"814",2009-06-16,3,94
"815",2009-06-17,4,69
"816",2009-06-18,5,68
"817",2009-06-19,6,80
"818",2009-06-20,1,15
"819",2009-06-21,3,34
"820",2009-06-22,8,80
"821",2009-06-23,9,101
"822",2009-06-24,7,107
"823",2009-06-25,10,107
"824",2009-06-26,3,68
"825",2009-06-27,1,10
"826",2009-06-28,4,40
"827",2009-06-29,4,52
"828",2009-06-30,5,74
"829",2009-07-01,3,54
"830",2009-07-02,4,53
"831",2009-07-03,1,35
"832",2009-07-04,1,19
"833",2009-07-05,2,29
"834",2009-07-06,5,75
"835",2009-07-07,9,91
"836",2009-07-08,4,77
"837",2009-07-09,10,85
"838",2009-07-10,7,66
"839",2009-07-11,1,30
"840",2009-07-12,1,30
"841",2009-07-13,7,133
"842",2009-07-14,6,130
"843",2009-07-15,7,135
"844",2009-07-16,8,123
"845",2009-07-17,5,88
"846",2009-07-19,1,34
"847",2009-07-20,8,77
"848",2009-07-21,13,82
"849",2009-07-22,11,108
"850",2009-07-23,7,85
"851",2009-07-24,9,64
"852",2009-07-26,1,44
"853",2009-07-27,6,79
"854",2009-07-28,8,89
"855",2009-07-29,9,85
"856",2009-07-30,13,75
"857",2009-07-31,11,84
"858",2009-08-01,2,11
"859",2009-08-02,4,31
"860",2009-08-03,7,68
"861",2009-08-04,10,80
"862",2009-08-05,6,80
"863",2009-08-06,8,81
"864",2009-08-07,6,60
"865",2009-08-08,1,10
"866",2009-08-09,1,39
"867",2009-08-10,5,51
"868",2009-08-11,1,42
"869",2009-08-12,8,88
"870",2009-08-13,5,45
"871",2009-08-14,7,51
"872",2009-08-15,4,15
"873",2009-08-16,3,27
"874",2009-08-17,6,46
"875",2009-08-18,3,51
"876",2009-08-19,9,59
"877",2009-08-20,9,56
"878",2009-08-21,6,49
"879",2009-08-22,2,8
"880",2009-08-23,1,31
"881",2009-08-24,4,46
"882",2009-08-25,3,55
"883",2009-08-26,5,86
"884",2009-08-27,7,60
"885",2009-08-28,10,47
"886",2009-08-29,1,38
"887",2009-08-30,4,27
"888",2009-08-31,5,50
"889",2009-09-01,16,69
"890",2009-09-02,10,53
"891",2009-09-03,5,55
"892",2009-09-04,8,58
"893",2009-09-05,3,15
"894",2009-09-06,1,32
"895",2009-09-07,4,24
"896",2009-09-08,8,79
"897",2009-09-09,15,124
"898",2009-09-10,7,83
"899",2009-09-11,11,67
"900",2009-09-12,1,17
"901",2009-09-13,1,41
"902",2009-09-14,12,82
"903",2009-09-15,11,90
"904",2009-09-16,8,87
"905",2009-09-17,7,89
"906",2009-09-18,6,60
"907",2009-09-19,3,16
"908",2009-09-20,2,31
"909",2009-09-21,6,54
"910",2009-09-22,4,90
"911",2009-09-23,8,67
"912",2009-09-24,7,80
"913",2009-09-25,12,53
"914",2009-09-26,4,11
"915",2009-09-27,4,43
"916",2009-09-28,13,41
"917",2009-09-29,12,61
"918",2009-09-30,8,80
"919",2009-10-01,12,76
"920",2009-10-02,4,49
"921",2009-10-04,2,29
"922",2009-10-05,7,61
"923",2009-10-06,9,80
"924",2009-10-07,7,75
"925",2009-10-08,6,58
"926",2009-10-09,6,78
"927",2009-10-10,1,14
"928",2009-10-11,2,24
"929",2009-10-12,3,34
"930",2009-10-13,9,77
"931",2009-10-14,6,79
"932",2009-10-15,16,74
"933",2009-10-16,2,65
"934",2009-10-17,2,11
"935",2009-10-18,2,36
"936",2009-10-19,8,62
"937",2009-10-20,13,81
"938",2009-10-21,9,80
"939",2009-10-22,9,75
"940",2009-10-23,17,65
"941",2009-10-24,2,10
"942",2009-10-25,7,37
"943",2009-10-26,12,70
"944",2009-10-27,14,74
"945",2009-10-28,9,67
"946",2009-10-29,12,83
"947",2009-10-30,18,59
"948",2009-10-31,6,14
"949",2009-11-01,5,49
"950",2009-11-02,5,68
"951",2009-11-03,25,92
"952",2009-11-04,19,96
"953",2009-11-05,10,80
"954",2009-11-06,4,58
"955",2009-11-07,6,31
"956",2009-11-08,2,32
"957",2009-11-09,5,55
"958",2009-11-10,14,77
"959",2009-11-11,3,48
"960",2009-11-12,8,63
"961",2009-11-13,7,52
"962",2009-11-14,1,15
"963",2009-11-15,6,44
"964",2009-11-16,10,72
"965",2009-11-17,7,69
"966",2009-11-18,10,76
"967",2009-11-19,10,69
"968",2009-11-20,5,67
"969",2009-11-21,3,13
"970",2009-11-22,5,32
"971",2009-11-23,6,67
"972",2009-11-24,7,46
"973",2009-11-25,5,49
"974",2009-11-26,1,5
"975",2009-11-27,1,11
"976",2009-11-28,3,8
"977",2009-11-29,3,29
"978",2009-11-30,9,60
"979",2009-12-01,12,95
"980",2009-12-02,5,82
"981",2009-12-03,12,106
"982",2009-12-04,4,66
"983",2009-12-05,2,15
"984",2009-12-06,2,55
"985",2009-12-07,8,75
"986",2009-12-08,8,86
"987",2009-12-09,11,90
"988",2009-12-10,16,84
"989",2009-12-11,1,52
"990",2009-12-12,4,15
"991",2009-12-13,2,29
"992",2009-12-14,13,87
"993",2009-12-15,11,82
"994",2009-12-16,8,76
"995",2009-12-17,8,86
"996",2009-12-18,5,62
"997",2009-12-19,5,15
"998",2009-12-20,3,33
"999",2009-12-21,9,45
"1000",2009-12-22,12,61
"1001",2009-12-23,3,33
"1002",2009-12-24,3,16
"1003",2009-12-25,2,9
"1004",2009-12-27,1,23
"1005",2009-12-28,3,38
"1006",2009-12-29,4,38
"1007",2009-12-30,4,31
"1008",2009-12-31,4,28
"1009",2010-01-01,1,10
"1010",2010-01-02,2,9
"1011",2010-01-03,1,27
"1012",2010-01-04,1,46
"1013",2010-01-05,6,61
"1014",2010-01-06,10,68
"1015",2010-01-07,5,66
"1016",2010-01-08,11,61
"1017",2010-01-09,5,22
"1018",2010-01-10,4,52
"1019",2010-01-11,12,81
"1020",2010-01-12,17,78
"1021",2010-01-13,12,84
"1022",2010-01-14,8,86
"1023",2010-01-15,13,83
"1024",2010-01-16,3,12
"1025",2010-01-17,5,42
"1026",2010-01-18,17,59
"1027",2010-01-19,37,121
"1028",2010-01-20,26,117
"1029",2010-01-21,13,114
"1030",2010-01-22,19,72
"1031",2010-01-23,3,18
"1032",2010-01-24,8,53
"1033",2010-01-25,24,96
"1034",2010-01-26,14,90
"1035",2010-01-27,17,135
"1036",2010-01-28,19,132
"1037",2010-01-29,15,78
"1038",2010-01-30,6,16
"1039",2010-01-31,5,39
"1040",2010-02-01,20,93
"1041",2010-02-02,24,115
"1042",2010-02-03,17,112
"1043",2010-02-04,11,101
"1044",2010-02-05,10,78
"1045",2010-02-06,2,13
"1046",2010-02-07,2,49
"1047",2010-02-08,10,77
"1048",2010-02-09,13,97
"1049",2010-02-10,9,60
"1050",2010-02-11,21,81
"1051",2010-02-12,15,67
"1052",2010-02-13,1,10
"1053",2010-02-14,5,47
"1054",2010-02-15,10,61
"1055",2010-02-16,14,81
"1056",2010-02-17,12,75
"1057",2010-02-18,11,94
"1058",2010-02-19,9,79
"1059",2010-02-20,5,22
"1060",2010-02-21,5,35
"1061",2010-02-22,17,91
"1062",2010-02-23,13,96
"1063",2010-02-24,14,106
"1064",2010-02-25,15,115
"1065",2010-02-26,17,81
"1066",2010-02-27,4,13
"1067",2010-02-28,1,33
"1068",2010-03-01,11,90
"1069",2010-03-02,22,109
"1070",2010-03-03,15,105
"1071",2010-03-04,7,111
"1072",2010-03-05,9,78
"1073",2010-03-06,1,10
"1074",2010-03-07,5,44
"1075",2010-03-08,11,74
"1076",2010-03-09,8,101
"1077",2010-03-10,8,111
"1078",2010-03-11,10,85
"1079",2010-03-12,8,85
"1080",2010-03-13,2,10
"1081",2010-03-14,3,28
"1082",2010-03-15,13,100
"1083",2010-03-16,17,95
"1084",2010-03-17,19,99
"1085",2010-03-18,10,84
"1086",2010-03-19,9,95
"1087",2010-03-20,3,25
"1088",2010-03-21,7,61
"1089",2010-03-22,8,90
"1090",2010-03-23,16,86
"1091",2010-03-24,12,96
"1092",2010-03-25,11,101
"1093",2010-03-26,14,76
"1094",2010-03-27,2,10
"1095",2010-03-28,5,28
"1096",2010-03-29,11,50
"1097",2010-03-30,14,55
"1098",2010-03-31,11,63
"1099",2010-04-01,7,49
"1100",2010-04-02,11,65
"1101",2010-04-03,1,9
"1102",2010-04-04,4,15
"1103",2010-04-05,8,60
"1104",2010-04-06,9,62
"1105",2010-04-07,7,58
"1106",2010-04-08,11,72
"1107",2010-04-09,12,64
"1108",2010-04-10,4,18
"1109",2010-04-11,3,26
"1110",2010-04-12,11,69
"1111",2010-04-13,15,105
"1112",2010-04-14,15,87
"1113",2010-04-15,18,88
"1114",2010-04-16,10,73
"1115",2010-04-17,1,15
"1116",2010-04-18,4,31
"1117",2010-04-19,13,91
"1118",2010-04-20,6,96
"1119",2010-04-21,12,82
"1120",2010-04-22,13,101
"1121",2010-04-23,11,78
"1122",2010-04-24,3,16
"1123",2010-04-25,4,40
"1124",2010-04-26,11,79
"1125",2010-04-27,14,94
"1126",2010-04-28,21,102
"1127",2010-04-29,16,90
"1128",2010-04-30,12,72
"1129",2010-05-01,3,22
"1130",2010-05-02,3,31
"1131",2010-05-03,15,73
"1132",2010-05-04,18,93
"1133",2010-05-05,14,74
"1134",2010-05-06,21,82
"1135",2010-05-07,15,58
"1136",2010-05-09,2,31
"1137",2010-05-10,12,81
"1138",2010-05-11,12,91
"1139",2010-05-12,14,85
"1140",2010-05-13,19,75
"1141",2010-05-14,13,80
"1142",2010-05-15,2,14
"1143",2010-05-16,4,41
"1144",2010-05-17,18,89
"1145",2010-05-18,26,123
"1146",2010-05-19,15,92
"1147",2010-05-20,17,98
"1148",2010-05-21,13,81
"1149",2010-05-22,2,13
"1150",2010-05-23,1,31
"1151",2010-05-24,24,81
"1152",2010-05-25,11,76
"1153",2010-05-26,13,88
"1154",2010-05-27,15,82
"1155",2010-05-28,13,69
"1156",2010-05-29,1,10
"1157",2010-05-30,2,22
"1158",2010-05-31,4,15
"1159",2010-06-01,8,57
"1160",2010-06-02,10,63
"1161",2010-06-03,15,70
"1162",2010-06-04,8,57
"1163",2010-06-05,2,10
"1164",2010-06-06,1,27
"1165",2010-06-07,15,71
"1166",2010-06-08,23,77
"1167",2010-06-09,18,90
"1168",2010-06-10,11,77
"1169",2010-06-11,7,66
"1170",2010-06-12,1,11
"1171",2010-06-13,2,34
"1172",2010-06-14,7,66
"1173",2010-06-15,12,86
"1174",2010-06-16,12,86
"1175",2010-06-17,8,99
"1176",2010-06-18,6,74
"1177",2010-06-19,3,11
"1178",2010-06-20,2,36
"1179",2010-06-21,7,70
"1180",2010-06-22,9,94
"1181",2010-06-23,9,90
"1182",2010-06-24,16,95
"1183",2010-06-25,6,64
"1184",2010-06-26,2,10
"1185",2010-06-27,3,39
"1186",2010-06-28,9,106
"1187",2010-06-29,13,121
"1188",2010-06-30,16,108
"1189",2010-07-01,16,82
"1190",2010-07-02,7,61
"1191",2010-07-03,1,9
"1192",2010-07-04,2,18
"1193",2010-07-05,1,9
"1194",2010-07-06,9,57
"1195",2010-07-07,7,63
"1196",2010-07-08,10,66
"1197",2010-07-09,12,48
"1198",2010-07-10,3,8
"1199",2010-07-11,4,27
"1200",2010-07-12,8,78
"1201",2010-07-13,18,100
"1202",2010-07-14,21,86
"1203",2010-07-15,15,94
"1204",2010-07-16,11,66
"1205",2010-07-17,2,11
"1206",2010-07-18,10,32
"1207",2010-07-19,11,63
"1208",2010-07-20,13,84
"1209",2010-07-21,11,100
"1210",2010-07-22,16,95
"1211",2010-07-23,7,78
"1212",2010-07-24,1,7
"1213",2010-07-25,2,26
"1214",2010-07-26,13,63
"1215",2010-07-27,9,78
"1216",2010-07-28,11,99
"1217",2010-07-29,10,95
"1218",2010-07-30,9,90
"1219",2010-07-31,1,11
"1220",2010-08-01,6,39
"1221",2010-08-02,15,57
"1222",2010-08-03,15,77
"1223",2010-08-04,14,87
"1224",2010-08-05,11,90
"1225",2010-08-06,12,68
"1226",2010-08-07,2,10
"1227",2010-08-08,3,26
"1228",2010-08-09,15,72
"1229",2010-08-10,20,96
"1230",2010-08-11,16,99
"1231",2010-08-12,16,67
"1232",2010-08-13,13,65
"1233",2010-08-14,3,19
"1234",2010-08-15,12,38
"1235",2010-08-16,11,64
"1236",2010-08-17,19,84
"1237",2010-08-18,13,81
"1238",2010-08-19,13,76
"1239",2010-08-20,12,73
"1240",2010-08-21,6,15
"1241",2010-08-22,4,40
"1242",2010-08-23,18,57
"1243",2010-08-24,14,79
"1244",2010-08-25,19,63
"1245",2010-08-26,10,62
"1246",2010-08-27,13,55
"1247",2010-08-28,4,20
"1248",2010-08-29,7,25
"1249",2010-08-30,16,71
"1250",2010-08-31,10,73
"1251",2010-09-01,14,74
"1252",2010-09-02,15,69
"1253",2010-09-03,13,69
"1254",2010-09-04,2,14
"1255",2010-09-05,7,24
"1256",2010-09-06,4,16
"1257",2010-09-07,25,90
"1258",2010-09-08,16,97
"1259",2010-09-09,15,81
"1260",2010-09-10,16,83
"1261",2010-09-11,2,17
"1262",2010-09-12,4,38
"1263",2010-09-13,22,98
"1264",2010-09-14,27,113
"1265",2010-09-15,28,128
"1266",2010-09-16,26,116
"1267",2010-09-17,16,111
"1268",2010-09-18,7,19
"1269",2010-09-19,10,45
"1270",2010-09-20,17,98
"1271",2010-09-21,22,110
"1272",2010-09-22,25,105
"1273",2010-09-23,20,121
"1274",2010-09-24,19,88
"1275",2010-09-25,2,15
"1276",2010-09-26,11,33
"1277",2010-09-27,22,85
"1278",2010-09-28,19,105
"1279",2010-09-29,32,106
"1280",2010-09-30,16,108
"1281",2010-10-01,18,71
"1282",2010-10-02,6,16
"1283",2010-10-03,6,30
"1284",2010-10-04,22,88
"1285",2010-10-05,22,89
"1286",2010-10-06,24,95
"1287",2010-10-07,15,98
"1288",2010-10-08,19,87
"1289",2010-10-09,5,12
"1290",2010-10-10,6,28
"1291",2010-10-11,18,78
"1292",2010-10-12,31,119
"1293",2010-10-13,26,109
"1294",2010-10-14,29,123
"1295",2010-10-15,20,87
"1296",2010-10-16,11,28
"1297",2010-10-17,8,27
"1298",2010-10-18,27,107
"1299",2010-10-19,32,123
"1300",2010-10-20,28,107
"1301",2010-10-21,34,127
"1302",2010-10-22,20,92
"1303",2010-10-23,7,22
"1304",2010-10-24,14,38
"1305",2010-10-25,29,97
"1306",2010-10-26,34,115
"1307",2010-10-27,31,114
"1308",2010-10-28,36,116
"1309",2010-10-29,44,103
"1310",2010-10-30,16,40
"1311",2010-10-31,20,52
"1312",2010-11-01,41,125
"1313",2010-11-02,44,117
"1314",2010-11-03,29,126
"1315",2010-11-04,18,97
"1316",2010-11-05,10,84
"1317",2010-11-06,4,18
"1318",2010-11-07,5,44
"1319",2010-11-08,10,94
"1320",2010-11-09,14,94
"1321",2010-11-10,11,86
"1322",2010-11-11,12,77
"1323",2010-11-12,9,79
"1324",2010-11-13,1,17
"1325",2010-11-14,1,33
"1326",2010-11-15,14,98
"1327",2010-11-16,10,101
"1328",2010-11-17,13,91
"1329",2010-11-18,6,114
"1330",2010-11-19,5,79
"1331",2010-11-21,3,25
"1332",2010-11-22,7,67
"1333",2010-11-23,11,72
"1334",2010-11-24,8,58
"1335",2010-11-25,3,7
"1336",2010-11-26,2,7
"1337",2010-11-27,1,12
"1338",2010-11-28,1,29
"1339",2010-11-29,5,86
"1340",2010-11-30,7,105
"1341",2010-12-01,10,111
"1342",2010-12-02,8,115
"1343",2010-12-03,7,92
"1344",2010-12-04,1,15
"1345",2010-12-05,3,34
"1346",2010-12-06,12,90
"1347",2010-12-07,12,114
"1348",2010-12-08,12,97
"1349",2010-12-09,8,105
"1350",2010-12-10,5,77
"1351",2010-12-12,1,27
"1352",2010-12-13,6,82
"1353",2010-12-14,12,94
"1354",2010-12-15,9,84
"1355",2010-12-16,13,116
"1356",2010-12-17,8,89
"1357",2010-12-18,4,25
"1358",2010-12-19,1,23
"1359",2010-12-20,2,71
"1360",2010-12-21,5,91
"1361",2010-12-22,10,64
"1362",2010-12-23,8,47
"1363",2010-12-25,1,13
"1364",2010-12-26,3,22
"1365",2010-12-27,3,33
"1366",2010-12-28,6,30
"1367",2010-12-29,4,41
"1368",2010-12-30,1,34
"1369",2010-12-31,5,21
"1370",2011-01-03,5,77
"1371",2011-01-04,3,72
"1372",2011-01-05,6,127
"1373",2011-01-06,6,104
"1374",2011-01-07,7,81
"1375",2011-01-08,3,94
"1376",2011-01-09,3,131
"1377",2011-01-10,7,139
"1378",2011-01-11,6,118
"1379",2011-01-12,8,126
"1380",2011-01-13,11,101
"1381",2011-01-14,8,158
"1382",2011-01-15,1,15
"1383",2011-01-16,2,28
"1384",2011-01-17,4,55
"1385",2011-01-18,20,132
"1386",2011-01-19,13,147
"1387",2011-01-20,14,119
"1388",2011-01-21,16,103
"1389",2011-01-22,8,17
"1390",2011-01-23,4,39
"1391",2011-01-24,19,126
"1392",2011-01-25,15,168
"1393",2011-01-26,10,127
"1394",2011-01-27,11,114
"1395",2011-01-28,5,88
"1396",2011-01-29,2,27
"1397",2011-01-30,1,37
"1398",2011-01-31,13,121
"1399",2011-02-01,15,122
"1400",2011-02-02,10,122
"1401",2011-02-03,8,123
"1402",2011-02-04,13,106
"1403",2011-02-06,4,34
"1404",2011-02-07,12,126
"1405",2011-02-08,9,111
"1406",2011-02-09,19,124
"1407",2011-02-10,15,126
"1408",2011-02-11,12,139
"1409",2011-02-12,9,28
"1410",2011-02-13,3,35
"1411",2011-02-14,19,107
"1412",2011-02-15,19,133
"1413",2011-02-16,13,133
"1414",2011-02-17,13,124
"1415",2011-02-18,15,113
"1416",2011-02-19,1,17
"1417",2011-02-20,3,37
"1418",2011-02-21,9,56
"1419",2011-02-22,19,111
"1420",2011-02-23,17,122
"1421",2011-02-24,11,116
"1422",2011-02-25,9,116
"1423",2011-02-27,5,47
"1424",2011-02-28,17,118
"1425",2011-03-01,13,123
"1426",2011-03-02,15,125
"1427",2011-03-03,11,120
"1428",2011-03-04,11,99
"1429",2011-03-05,2,16
"1430",2011-03-06,4,34
"1431",2011-03-07,15,104
"1432",2011-03-08,10,115
"1433",2011-03-09,17,133
"1434",2011-03-10,12,121
"1435",2011-03-11,8,114
"1436",2011-03-13,2,36
"1437",2011-03-14,10,122
"1438",2011-03-15,17,107
"1439",2011-03-16,16,111
"1440",2011-03-17,19,102
"1441",2011-03-18,8,92
"1442",2011-03-19,2,18
"1443",2011-03-20,2,48
"1444",2011-03-21,6,94
"1445",2011-03-22,9,80
"1446",2011-03-23,15,122
"1447",2011-03-24,12,76
"1448",2011-03-25,9,84
"1449",2011-03-26,2,29
"1450",2011-03-27,2,38
"1451",2011-03-28,10,104
"1452",2011-03-29,11,120
"1453",2011-03-30,11,118
"1454",2011-03-31,10,106
"1455",2011-04-01,9,105
"1456",2011-04-03,2,27
"1457",2011-04-04,15,113
"1458",2011-04-05,15,120
"1459",2011-04-06,11,120
"1460",2011-04-07,16,125
"1461",2011-04-08,9,119
"1462",2011-04-09,2,28
"1463",2011-04-10,4,31
"1464",2011-04-11,9,106
"1465",2011-04-12,20,128
"1466",2011-04-13,11,112
"1467",2011-04-14,7,117
"1468",2011-04-15,15,103
"1469",2011-04-16,3,21
"1470",2011-04-17,3,30
"1471",2011-04-18,9,84
"1472",2011-04-19,18,92
"1473",2011-04-20,18,80
"1474",2011-04-21,6,86
"1475",2011-04-22,18,66
"1476",2011-04-23,1,12
"1477",2011-04-24,3,26
"1478",2011-04-25,11,89
"1479",2011-04-26,21,111
"1480",2011-04-27,15,116
"1481",2011-04-28,14,98
"1482",2011-04-29,11,108
"1483",2011-04-30,3,28
"1484",2011-05-01,3,42
"1485",2011-05-02,11,153
"1486",2011-05-03,12,107
"1487",2011-05-04,17,114
"1488",2011-05-05,19,131
"1489",2011-05-06,10,95
"1490",2011-05-07,2,27
"1491",2011-05-08,5,35
"1492",2011-05-09,12,100
"1493",2011-05-10,13,106
"1494",2011-05-11,16,115
"1495",2011-05-12,12,125
"1496",2011-05-13,12,97
"1497",2011-05-14,4,21
"1498",2011-05-15,7,42
"1499",2011-05-16,17,85
"1500",2011-05-17,16,114
"1501",2011-05-18,15,107
"1502",2011-05-19,10,114
"1503",2011-05-20,11,92
"1504",2011-05-21,4,20
"1505",2011-05-22,10,48
"1506",2011-05-23,16,116
"1507",2011-05-24,27,137
"1508",2011-05-25,19,118
"1509",2011-05-26,16,127
"1510",2011-05-27,11,87
"1511",2011-05-28,4,17
"1512",2011-05-30,3,14
"1513",2011-05-31,6,98
"1514",2011-06-01,9,123
"1515",2011-06-02,13,131
"1516",2011-06-03,9,126
"1517",2011-06-05,5,38
"1518",2011-06-06,10,123
"1519",2011-06-07,21,133
"1520",2011-06-08,14,136
"1521",2011-06-09,20,130
"1522",2011-06-10,18,123
"1523",2011-06-11,1,18
"1524",2011-06-12,7,50
"1525",2011-06-13,17,139
"1526",2011-06-14,17,143
"1527",2011-06-15,9,142
"1528",2011-06-16,14,128
"1529",2011-06-17,12,113
"1530",2011-06-18,3,23
"1531",2011-06-19,6,49
"1532",2011-06-20,14,115
"1533",2011-06-21,20,129
"1534",2011-06-22,16,141
"1535",2011-06-23,20,128
"1536",2011-06-24,23,103
"1537",2011-06-25,6,25
"1538",2011-06-26,9,51
"1539",2011-06-27,16,113
"1540",2011-06-28,18,124
"1541",2011-06-29,14,132
"1542",2011-06-30,15,116
"1543",2011-07-01,11,97
"1544",2011-07-02,4,16
"1545",2011-07-03,2,29
"1546",2011-07-04,3,16
"1547",2011-07-05,21,124
"1548",2011-07-06,19,113
"1549",2011-07-07,12,110
"1550",2011-07-08,18,102
"1551",2011-07-09,2,18
"1552",2011-07-10,5,41
"1553",2011-07-11,17,116
"1554",2011-07-12,18,127
"1555",2011-07-13,30,129
"1556",2011-07-14,19,145
"1557",2011-07-15,18,133
"1558",2011-07-16,5,27
"1559",2011-07-17,3,42
"1560",2011-07-18,19,135
"1561",2011-07-19,15,126
"1562",2011-07-20,20,151
"1563",2011-07-21,22,138
"1564",2011-07-22,14,115
"1565",2011-07-23,6,27
"1566",2011-07-24,6,56
"1567",2011-07-25,9,128
"1568",2011-07-26,10,136
"1569",2011-07-27,16,136
"1570",2011-07-28,18,156
"1571",2011-07-29,15,140
"1572",2011-07-30,1,26
"1573",2011-07-31,8,54
"1574",2011-08-01,13,142
"1575",2011-08-02,19,130
"1576",2011-08-03,14,123
"1577",2011-08-04,16,115
"1578",2011-08-05,15,103
"1579",2011-08-06,3,21
"1580",2011-08-07,5,39
"1581",2011-08-08,21,117
"1582",2011-08-09,31,107
"1583",2011-08-10,29,122
"1584",2011-08-11,29,131
"1585",2011-08-12,32,121
"1586",2011-08-13,49,74
"1587",2011-08-14,28,41
"1588",2011-08-15,29,119
"1589",2011-08-16,20,130
"1590",2011-08-17,20,139
"1591",2011-08-18,12,114
"1592",2011-08-19,12,108
"1593",2011-08-20,3,19
"1594",2011-08-21,7,43
"1595",2011-08-22,13,112
"1596",2011-08-23,11,98
"1597",2011-08-24,13,109
"1598",2011-08-25,19,102
"1599",2011-08-26,17,86
"1600",2011-08-27,4,21
"1601",2011-08-28,3,26
"1602",2011-08-29,12,97
"1603",2011-08-30,20,119
"1604",2011-08-31,12,115
"1605",2011-09-01,11,110
"1606",2011-09-02,19,99
"1607",2011-09-03,3,19
"1608",2011-09-04,3,28
"1609",2011-09-05,9,49
"1610",2011-09-06,23,133
"1611",2011-09-07,27,196
"1612",2011-09-08,18,139
"1613",2011-09-09,23,116
"1614",2011-09-10,1,25
"1615",2011-09-11,5,59
"1616",2011-09-12,25,163
"1617",2011-09-13,38,151
"1618",2011-09-14,31,138
"1619",2011-09-15,21,131
"1620",2011-09-16,18,108
"1621",2011-09-17,8,26
"1622",2011-09-18,3,51
"1623",2011-09-19,20,127
"1624",2011-09-20,26,155
"1625",2011-09-21,17,136
"1626",2011-09-22,27,153
"1627",2011-09-23,17,123
"1628",2011-09-24,18,38
"1629",2011-09-25,8,33
"1630",2011-09-26,25,141
"1631",2011-09-27,17,130
"1632",2011-09-28,21,122
"1633",2011-09-29,16,110
"1634",2011-09-30,12,112
"1635",2011-10-01,2,30
"1636",2011-10-02,7,65
"1637",2011-10-03,21,141
"1638",2011-10-04,27,145
"1639",2011-10-05,21,155
"1640",2011-10-06,15,149
"1641",2011-10-07,12,122
"1642",2011-10-08,5,17
"1643",2011-10-09,7,28
"1644",2011-10-10,15,121
"1645",2011-10-11,27,160
"1646",2011-10-12,23,159
"1647",2011-10-13,17,144
"1648",2011-10-14,16,133
"1649",2011-10-15,4,36
"1650",2011-10-16,6,51
"1651",2011-10-17,28,136
"1652",2011-10-18,29,169
"1653",2011-10-19,30,123
"1654",2011-10-20,14,145
"1655",2011-10-21,19,125
"1656",2011-10-22,2,18
"1657",2011-10-23,4,45
"1658",2011-10-24,17,128
"1659",2011-10-25,26,143
"1660",2011-10-26,15,136
"1661",2011-10-27,24,113
"1662",2011-10-28,18,117
"1663",2011-10-29,6,18
"1664",2011-10-30,15,61
"1665",2011-10-31,22,146
"1666",2011-11-01,16,145
"1667",2011-11-02,21,132
"1668",2011-11-03,16,143
"1669",2011-11-04,15,117
"1670",2011-11-05,5,17
"1671",2011-11-06,8,52
"1672",2011-11-07,19,133
"1673",2011-11-08,31,159
"1674",2011-11-09,25,180
"1675",2011-11-10,25,125
"1676",2011-11-11,21,118
"1677",2011-11-12,4,27
"1678",2011-11-13,23,56
"1679",2011-11-14,25,135
"1680",2011-11-15,17,136
"1681",2011-11-16,20,129
"1682",2011-11-17,26,130
"1683",2011-11-18,25,126
"1684",2011-11-19,4,17
"1685",2011-11-20,9,51
"1686",2011-11-21,20,136
"1687",2011-11-22,23,147
"1688",2011-11-23,13,97
"1689",2011-11-24,1,10
"1690",2011-11-25,2,24
"1691",2011-11-26,2,15
"1692",2011-11-27,7,43
"1693",2011-11-28,17,137
"1694",2011-11-29,18,156
"1695",2011-11-30,19,154
"1696",2011-12-01,14,136
"1697",2011-12-02,20,122
"1698",2011-12-03,9,40
"1699",2011-12-04,15,54
"1700",2011-12-05,25,128
"1701",2011-12-06,34,155
"1702",2011-12-07,29,160
"1703",2011-12-08,34,149
"1704",2011-12-09,19,135
"1705",2011-12-10,6,54
"1706",2011-12-11,8,74
"1707",2011-12-12,15,169
"1708",2011-12-13,28,168
"1709",2011-12-14,30,181
"1710",2011-12-15,29,183
"1711",2011-12-16,26,140
"1712",2011-12-17,10,29
"1713",2011-12-18,8,56
"1714",2011-12-19,28,163
"1715",2011-12-20,36,157
"1716",2011-12-21,35,160
"1717",2011-12-22,18,125
"1718",2011-12-23,16,102
"1719",2011-12-24,3,18
"1720",2011-12-25,2,31
"1721",2011-12-26,9,51
"1722",2011-12-27,17,92
"1723",2011-12-28,28,105
"1724",2011-12-29,21,113
"1725",2011-12-30,21,83
"1726",2011-12-31,10,27
"1727",2012-01-01,24,56
"1728",2012-01-02,25,108
"1729",2012-01-03,43,145
"1730",2012-01-04,24,150
"1731",2012-01-05,16,135
"1732",2012-01-06,18,157
"1733",2012-01-07,9,54
"1734",2012-01-08,15,83
"1735",2012-01-09,30,158
"1736",2012-01-10,37,180
"1737",2012-01-11,23,142
"1738",2012-01-12,24,131
"1739",2012-01-13,23,148
"1740",2012-01-14,8,27
"1741",2012-01-15,10,43
"1742",2012-01-16,13,114
"1743",2012-01-17,28,175
"1744",2012-01-18,34,167
"1745",2012-01-19,36,193
"1746",2012-01-20,24,173
"1747",2012-01-21,19,83
"1748",2012-01-22,11,58
"1749",2012-01-23,17,165
"1750",2012-01-24,18,207
"1751",2012-01-25,22,164
"1752",2012-01-26,30,186
"1753",2012-01-27,14,131
"1754",2012-01-28,5,32
"1755",2012-01-29,21,67
"1756",2012-01-30,24,149
"1757",2012-01-31,43,214
"1758",2012-02-01,19,173
"1759",2012-02-02,17,141
"1760",2012-02-03,15,134
"1761",2012-02-04,9,32
"1762",2012-02-05,8,51
"1763",2012-02-06,25,137
"1764",2012-02-07,14,159
"1765",2012-02-08,23,153
"1766",2012-02-09,16,177
"1767",2012-02-10,14,128
"1768",2012-02-11,9,28
"1769",2012-02-12,8,50
"1770",2012-02-13,22,127
"1771",2012-02-14,25,147
"1772",2012-02-15,35,163
"1773",2012-02-16,26,164
"1774",2012-02-17,19,127
"1775",2012-02-18,5,26
"1776",2012-02-19,3,33
"1777",2012-02-20,18,67
"1778",2012-02-21,20,142
"1779",2012-02-22,19,155
"1780",2012-02-23,23,137
"1781",2012-02-24,17,141
"1782",2012-02-25,6,42
"1783",2012-02-26,10,63
"1784",2012-02-27,28,144
"1785",2012-02-28,29,158
"1786",2012-02-29,23,156
"1787",2012-03-01,25,150
"1788",2012-03-02,21,130
"1789",2012-03-03,8,30
"1790",2012-03-04,12,59
"1791",2012-03-05,30,140
"1792",2012-03-06,35,196
"1793",2012-03-07,17,169
"1794",2012-03-08,11,136
"1795",2012-03-09,14,122
"1796",2012-03-10,7,27
"1797",2012-03-11,7,51
"1798",2012-03-12,33,156
"1799",2012-03-13,38,174
"1800",2012-03-14,27,182
"1801",2012-03-15,21,132
"1802",2012-03-16,13,136
"1803",2012-03-18,4,52
"1804",2012-03-19,23,153
"1805",2012-03-20,24,191
"1806",2012-03-21,20,154
"1807",2012-03-22,21,156
"1808",2012-03-23,15,142
"1809",2012-03-24,6,29
"1810",2012-03-25,4,55
"1811",2012-03-26,17,167
"1812",2012-03-27,19,171
"1813",2012-03-28,23,151
"1814",2012-03-29,15,123
"1815",2012-03-30,17,117
"1816",2012-03-31,1,18
"1817",2012-04-01,11,49
"1818",2012-04-02,26,128
"1819",2012-04-03,23,155
"1820",2012-04-04,19,157
"1821",2012-04-05,23,132
"1822",2012-04-06,11,113
"1823",2012-04-07,1,21
"1824",2012-04-08,4,51
"1825",2012-04-09,14,129
"1826",2012-04-10,29,162
"1827",2012-04-11,17,141
"1828",2012-04-12,23,157
"1829",2012-04-13,14,134
"1830",2012-04-14,2,28
"1831",2012-04-15,8,62
"1832",2012-04-16,21,159
"1833",2012-04-17,27,175
"1834",2012-04-18,19,153
"1835",2012-04-19,28,147
"1836",2012-04-20,25,155
"1837",2012-04-21,2,20
"1838",2012-04-22,4,43
"1839",2012-04-23,17,151
"1840",2012-04-24,18,155
"1841",2012-04-25,21,170
"1842",2012-04-26,16,150
"1843",2012-04-27,16,147
"1844",2012-04-28,2,53
"1845",2012-04-29,3,48
"1846",2012-04-30,10,149
"1847",2012-05-01,13,148
"1848",2012-05-02,14,136
"1849",2012-05-03,18,138
"1850",2012-05-04,13,136
"1851",2012-05-05,2,23
"1852",2012-05-06,9,55
"1853",2012-05-07,26,149
"1854",2012-05-08,36,180
"1855",2012-05-09,25,184
"1856",2012-05-10,27,152
"1857",2012-05-11,20,123
"1858",2012-05-12,4,25
"1859",2012-05-13,4,67
"1860",2012-05-14,22,157
"1861",2012-05-15,19,164
"1862",2012-05-16,19,154
"1863",2012-05-17,21,154
"1864",2012-05-18,14,122
"1865",2012-05-19,2,32
"1866",2012-05-20,2,62
"1867",2012-05-21,15,163
"1868",2012-05-22,20,148
"1869",2012-05-23,29,162
"1870",2012-05-24,21,135
"1871",2012-05-25,16,90
"1872",2012-05-26,5,13
"1873",2012-05-27,5,28
"1874",2012-05-28,5,37
"1875",2012-05-29,20,134
"1876",2012-05-30,26,148
"1877",2012-05-31,27,136
"1878",2012-06-01,19,145
"1879",2012-06-02,5,17
"1880",2012-06-03,7,43
"1881",2012-06-04,30,134
"1882",2012-06-05,37,175
"1883",2012-06-06,32,139
"1884",2012-06-07,17,137
"1885",2012-06-08,14,126
"1886",2012-06-09,3,21
"1887",2012-06-10,8,63
"1888",2012-06-11,23,134
"1889",2012-06-12,24,154
"1890",2012-06-13,17,125
"1891",2012-06-14,18,132
"1892",2012-06-15,14,134
"1893",2012-06-16,4,34
"1894",2012-06-17,10,61
"1895",2012-06-18,13,143
"1896",2012-06-19,24,163
"1897",2012-06-20,27,154
"1898",2012-06-21,21,164
"1899",2012-06-22,9,122
"1900",2012-06-23,5,21
"1901",2012-06-24,9,53
"1902",2012-06-25,24,144
"1903",2012-06-26,24,158
"1904",2012-06-27,19,141
"1905",2012-06-28,23,222
"1906",2012-06-29,13,140
"1907",2012-06-30,6,18
"1908",2012-07-01,6,37
"1909",2012-07-02,17,109
"1910",2012-07-03,16,102
"1911",2012-07-04,8,36
"1912",2012-07-05,14,115
"1913",2012-07-06,15,120
"1914",2012-07-07,1,21
"1915",2012-07-08,7,48
"1916",2012-07-09,21,177
"1917",2012-07-10,25,161
"1918",2012-07-11,18,146
"1919",2012-07-12,23,162
"1920",2012-07-13,10,126
"1921",2012-07-14,4,27
"1922",2012-07-15,3,58
"1923",2012-07-16,15,155
"1924",2012-07-17,16,177
"1925",2012-07-18,16,158
"1926",2012-07-19,24,148
"1927",2012-07-20,12,138
"1928",2012-07-21,5,32
"1929",2012-07-22,5,68
"1930",2012-07-23,20,152
"1931",2012-07-24,18,164
"1932",2012-07-25,24,162
"1933",2012-07-26,15,145
"1934",2012-07-27,12,122
"1935",2012-07-28,2,20
"1936",2012-07-29,7,55
"1937",2012-07-30,17,142
"1938",2012-07-31,21,166
"1939",2012-08-01,16,148
"1940",2012-08-02,22,156
"1941",2012-08-03,10,111
"1942",2012-08-04,6,28
"1943",2012-08-05,7,48
"1944",2012-08-06,13,140
"1945",2012-08-07,18,157
"1946",2012-08-08,23,129
"1947",2012-08-09,20,119
"1948",2012-08-10,20,124
"1949",2012-08-11,15,118
"1950",2012-08-12,11,70
"1951",2012-08-13,32,157
"1952",2012-08-14,25,153
"1953",2012-08-15,25,143
"1954",2012-08-16,22,132
"1955",2012-08-17,13,123
"1956",2012-08-18,5,20
"1957",2012-08-19,5,35
"1958",2012-08-20,31,161
"1959",2012-08-21,25,152
"1960",2012-08-22,24,154
"1961",2012-08-23,26,151
"1962",2012-08-24,17,146
"1963",2012-08-25,7,49
"1964",2012-08-26,10,68
"1965",2012-08-27,35,200
"1966",2012-08-28,32,207
"1967",2012-08-29,35,241
"1968",2012-08-30,19,224
"1969",2012-08-31,17,118
"1970",2012-09-01,2,36
"1971",2012-09-02,7,71
"1972",2012-09-03,15,107
"1973",2012-09-04,22,247
"1974",2012-09-05,21,248
"1975",2012-09-06,17,230
"1976",2012-09-07,13,118
"1977",2012-09-08,4,24
"1978",2012-09-09,7,58
"1979",2012-09-10,24,156
"1980",2012-09-11,25,146
"1981",2012-09-12,22,182
"1982",2012-09-13,25,149
"1983",2012-09-14,24,148
"1984",2012-09-15,5,20
"1985",2012-09-16,8,46
"1986",2012-09-17,27,120
"1987",2012-09-18,36,162
"1988",2012-09-19,33,165
"1989",2012-09-20,26,169
"1990",2012-09-21,26,156
"1991",2012-09-22,5,25
"1992",2012-09-23,12,50
"1993",2012-09-24,31,137
"1994",2012-09-25,31,137
"1995",2012-09-26,33,136
"1996",2012-09-27,37,142
"1997",2012-09-28,31,124
"1998",2012-09-29,6,21
"1999",2012-09-30,22,54
"2000",2012-10-01,45,147
"2001",2012-10-02,36,135
"2002",2012-10-03,38,195
"2003",2012-10-04,22,170
"2004",2012-10-05,20,137
"2005",2012-10-06,5,25
"2006",2012-10-07,8,38
"2007",2012-10-08,29,118
"2008",2012-10-09,42,147
"2009",2012-10-10,39,160
"2010",2012-10-11,31,202
"2011",2012-10-12,21,144
"2012",2012-10-13,3,23
"2013",2012-10-14,5,29
"2014",2012-10-15,43,153
"2015",2012-10-16,38,206
"2016",2012-10-17,30,174
"2017",2012-10-18,35,155
"2018",2012-10-19,32,138
"2019",2012-10-20,12,37
"2020",2012-10-21,15,50
"2021",2012-10-22,44,181
"2022",2012-10-23,42,163
"2023",2012-10-24,27,153
"2024",2012-10-25,37,176
"2025",2012-10-26,34,132
"2026",2012-10-27,24,54
"2027",2012-10-28,25,52
"2028",2012-10-29,36,138
"2029",2012-10-30,27,132
"2030",2012-10-31,43,142
"2031",2012-11-01,31,166
"2032",2012-11-02,42,162
"2033",2012-11-03,24,74
"2034",2012-11-04,36,99
"2035",2012-11-05,64,190
"2036",2012-11-06,95,226
"2037",2012-11-07,64,228
"2038",2012-11-08,30,162
"2039",2012-11-09,16,123
"2040",2012-11-10,8,22
"2041",2012-11-11,10,38
"2042",2012-11-12,10,108
"2043",2012-11-13,13,169
"2044",2012-11-14,14,153
"2045",2012-11-15,13,144
"2046",2012-11-16,8,113
"2047",2012-11-17,1,20
"2048",2012-11-19,10,105
"2049",2012-11-20,22,124
"2050",2012-11-21,18,80
"2051",2012-11-22,2,20
"2052",2012-11-23,3,26
"2053",2012-11-25,1,42
"2054",2012-11-26,14,125
"2055",2012-11-27,13,134
"2056",2012-11-28,15,145
"2057",2012-11-29,10,134
"2058",2012-11-30,12,108
"2059",2012-12-01,2,17
"2060",2012-12-02,2,40
"2061",2012-12-03,13,141
"2062",2012-12-04,8,147
"2063",2012-12-05,15,148
"2064",2012-12-06,15,150
"2065",2012-12-07,11,103
"2066",2012-12-08,4,19
"2067",2012-12-09,4,31
"2068",2012-12-10,26,131
"2069",2012-12-11,11,154
"2070",2012-12-12,20,153
"2071",2012-12-13,11,136
"2072",2012-12-14,9,139
"2073",2012-12-15,4,25
"2074",2012-12-16,4,43
"2075",2012-12-17,9,120
"2076",2012-12-18,13,161
"2077",2012-12-19,16,128
"2078",2012-12-20,9,127
"2079",2012-12-21,10,123
"2080",2012-12-22,2,12
"2081",2012-12-23,1,33
"2082",2012-12-24,4,42
"2083",2012-12-25,1,22
"2084",2012-12-26,12,65
"2085",2012-12-27,4,71
"2086",2012-12-28,3,65
"2087",2012-12-29,1,12
"2088",2012-12-30,4,42
"2089",2012-12-31,3,82
"2090",2013-01-01,2,39
"2091",2013-01-02,7,120
"2092",2013-01-03,3,120
"2093",2013-01-04,7,112
"2094",2013-01-05,1,9
"2095",2013-01-06,1,28
"2096",2013-01-07,6,141
"2097",2013-01-08,12,127
"2098",2013-01-09,11,133
"2099",2013-01-10,11,133
"2100",2013-01-11,10,110
"2101",2013-01-13,1,37
"2102",2013-01-14,10,151
"2103",2013-01-15,14,139
"2104",2013-01-16,16,141
"2105",2013-01-17,18,129
"2106",2013-01-18,13,122
"2107",2013-01-19,4,37
"2108",2013-01-20,2,76
"2109",2013-01-21,7,175
"2110",2013-01-22,15,151
"2111",2013-01-23,17,126
"2112",2013-01-24,8,137
"2113",2013-01-25,15,119
"2114",2013-01-26,3,26
"2115",2013-01-27,8,40
"2116",2013-01-28,14,138
"2117",2013-01-29,10,143
"2118",2013-01-30,8,143
"2119",2013-01-31,8,148
"2120",2013-02-01,11,115
"2121",2013-02-02,1,15
"2122",2013-02-03,2,43
"2123",2013-02-04,9,114
"2124",2013-02-05,8,138
"2125",2013-02-06,11,141
"2126",2013-02-07,12,140
"2127",2013-02-08,12,108
"2128",2013-02-09,5,14
"2129",2013-02-10,2,42
"2130",2013-02-11,7,117
"2131",2013-02-12,17,187
"2132",2013-02-13,10,160
"2133",2013-02-14,15,125
"2134",2013-02-15,9,101
"2135",2013-02-17,2,29
"2136",2013-02-18,4,38
"2137",2013-02-19,8,125
"2138",2013-02-20,17,137
"2139",2013-02-21,15,116
"2140",2013-02-22,14,114
"2141",2013-02-24,5,52
"2142",2013-02-25,11,119
"2143",2013-02-26,25,150
"2144",2013-02-27,18,140
"2145",2013-02-28,9,137
"2146",2013-03-01,12,117
"2147",2013-03-02,1,17
"2148",2013-03-03,2,38
"2149",2013-03-04,12,127
"2150",2013-03-05,12,142
"2151",2013-03-06,12,143
"2152",2013-03-07,14,144
"2153",2013-03-08,10,103
"2154",2013-03-09,1,10
"2155",2013-03-10,5,48
"2156",2013-03-11,10,103
"2157",2013-03-12,18,131
"2158",2013-03-13,16,139
"2159",2013-03-14,11,153
"2160",2013-03-15,16,125
"2161",2013-03-16,5,28
"2162",2013-03-17,6,34
"2163",2013-03-18,15,129
"2164",2013-03-19,16,132
"2165",2013-03-20,21,137
"2166",2013-03-21,9,100
"2167",2013-03-22,8,99
"2168",2013-03-23,1,19
"2169",2013-03-24,3,58
"2170",2013-03-25,12,86
"2171",2013-03-26,14,101
"2172",2013-03-27,11,132
"2173",2013-03-28,14,102
"2174",2013-03-29,9,77
"2175",2013-03-30,3,12
"2176",2013-03-31,2,28
"2177",2013-04-01,7,80
"2178",2013-04-02,12,108
"2179",2013-04-03,15,123
"2180",2013-04-04,13,104
"2181",2013-04-05,13,105
"2182",2013-04-06,1,17
"2183",2013-04-07,3,36
"2184",2013-04-08,14,132
"2185",2013-04-09,7,134
"2186",2013-04-10,11,145
"2187",2013-04-11,14,125
"2188",2013-04-12,8,93
"2189",2013-04-14,1,47
"2190",2013-04-15,14,136
"2191",2013-04-16,8,135
"2192",2013-04-17,16,143
"2193",2013-04-18,14,124
"2194",2013-04-19,9,123
"2195",2013-04-20,1,25
"2196",2013-04-21,2,38
"2197",2013-04-22,12,138
"2198",2013-04-23,16,132
"2199",2013-04-24,17,140
"2200",2013-04-25,14,131
"2201",2013-04-26,11,107
"2202",2013-04-27,1,38
"2203",2013-04-28,4,39
"2204",2013-04-29,8,98
"2205",2013-04-30,24,109
"2206",2013-05-01,13,105
"2207",2013-05-02,13,92
"2208",2013-05-03,10,94
"2209",2013-05-04,1,14
"2210",2013-05-05,5,37
"2211",2013-05-06,8,99
"2212",2013-05-07,19,124
"2213",2013-05-08,15,123
"2214",2013-05-09,9,124
"2215",2013-05-10,9,95
"2216",2013-05-11,2,11
"2217",2013-05-12,1,33
"2218",2013-05-13,13,133
"2219",2013-05-14,4,144
"2220",2013-05-15,9,116
"2221",2013-05-16,9,128
"2222",2013-05-17,7,94
"2223",2013-05-18,3,13
"2224",2013-05-19,5,37
"2225",2013-05-20,9,93
"2226",2013-05-21,10,132
"2227",2013-05-22,9,129
"2228",2013-05-23,9,103
"2229",2013-05-24,7,78
"2230",2013-05-26,1,23
"2231",2013-05-27,4,24
"2232",2013-05-28,14,105
"2233",2013-05-29,23,129
"2234",2013-05-30,8,86
"2235",2013-05-31,17,97
"2236",2013-06-02,5,37
"2237",2013-06-03,8,110
"2238",2013-06-04,12,119
"2239",2013-06-05,12,128
"2240",2013-06-06,10,132
"2241",2013-06-07,9,109
"2242",2013-06-08,1,17
"2243",2013-06-09,1,34
"2244",2013-06-10,12,118
"2245",2013-06-11,15,110
"2246",2013-06-12,13,134
"2247",2013-06-13,18,145
"2248",2013-06-14,14,102
"2249",2013-06-16,6,43
"2250",2013-06-17,19,106
"2251",2013-06-18,25,119
"2252",2013-06-19,17,117
"2253",2013-06-20,10,107
"2254",2013-06-21,9,82
"2255",2013-06-22,1,15
"2256",2013-06-23,4,33
"2257",2013-06-24,10,110
"2258",2013-06-25,28,143
"2259",2013-06-26,21,151
"2260",2013-06-27,9,113
"2261",2013-06-28,8,102
"2262",2013-06-29,1,11
"2263",2013-06-30,3,22
"2264",2013-07-01,11,97
"2265",2013-07-02,13,93
"2266",2013-07-03,11,79
"2267",2013-07-04,3,25
"2268",2013-07-05,4,29
"2269",2013-07-06,1,8
"2270",2013-07-07,1,49
"2271",2013-07-08,13,121
"2272",2013-07-09,12,126
"2273",2013-07-10,12,136
"2274",2013-07-11,13,110
"2275",2013-07-12,9,92
"2276",2013-07-13,3,13
"2277",2013-07-14,5,47
"2278",2013-07-15,17,112
"2279",2013-07-16,16,137
"2280",2013-07-17,14,150
"2281",2013-07-18,11,127
"2282",2013-07-19,17,165
"2283",2013-07-20,2,20
"2284",2013-07-21,2,27
"2285",2013-07-22,11,112
"2286",2013-07-23,9,114
"2287",2013-07-24,18,128
"2288",2013-07-25,22,119
"2289",2013-07-26,15,102
"2290",2013-07-28,5,39
"2291",2013-07-29,12,114
"2292",2013-07-30,16,111
"2293",2013-07-31,13,124
"2294",2013-08-01,9,122
"2295",2013-08-02,13,91
"2296",2013-08-03,1,19
"2297",2013-08-04,2,34
"2298",2013-08-05,10,98
"2299",2013-08-06,10,127
"2300",2013-08-07,10,101
"2301",2013-08-08,12,98
"2302",2013-08-09,7,117
"2303",2013-08-10,4,11
"2304",2013-08-11,2,30
"2305",2013-08-12,12,92
"2306",2013-08-13,10,80
"2307",2013-08-14,14,100
"2308",2013-08-15,13,99
"2309",2013-08-16,10,79
"2310",2013-08-17,3,16
"2311",2013-08-19,18,91
"2312",2013-08-20,12,97
"2313",2013-08-21,15,91
"2314",2013-08-22,10,106
"2315",2013-08-23,8,102
"2316",2013-08-24,1,41
"2317",2013-08-25,2,35
"2318",2013-08-26,9,87
"2319",2013-08-27,4,94
"2320",2013-08-28,6,92
"2321",2013-08-29,14,75
"2322",2013-08-30,11,91
"2323",2013-08-31,1,26
"2324",2013-09-01,2,49
"2325",2013-09-02,4,39
"2326",2013-09-03,18,142
"2327",2013-09-04,17,143
"2328",2013-09-05,12,114
"2329",2013-09-06,8,99
"2330",2013-09-07,3,23
"2331",2013-09-08,5,60
"2332",2013-09-09,21,153
"2333",2013-09-10,30,159
"2334",2013-09-11,19,138
"2335",2013-09-12,12,132
"2336",2013-09-13,14,95
"2337",2013-09-14,4,17
"2338",2013-09-15,1,46
"2339",2013-09-16,11,119
"2340",2013-09-17,10,130
"2341",2013-09-18,20,139
"2342",2013-09-19,13,134
"2343",2013-09-20,12,108
"2344",2013-09-21,2,12
"2345",2013-09-22,5,44
"2346",2013-09-23,13,107
"2347",2013-09-24,12,129
"2348",2013-09-25,12,125
"2349",2013-09-26,14,124
"2350",2013-09-27,11,112
"2351",2013-09-28,2,23
"2352",2013-09-29,10,41
"2353",2013-09-30,26,148
"2354",2013-10-01,17,175
"2355",2013-10-02,12,150
"2356",2013-10-03,13,125
"2357",2013-10-04,13,99
"2358",2013-10-05,3,29
"2359",2013-10-06,6,46
"2360",2013-10-07,17,122
"2361",2013-10-08,25,132
"2362",2013-10-09,25,143
"2363",2013-10-10,19,108
"2364",2013-10-11,18,109
"2365",2013-10-12,3,25
"2366",2013-10-13,3,47
"2367",2013-10-14,12,104
"2368",2013-10-15,22,152
"2369",2013-10-16,13,135
"2370",2013-10-17,13,166
"2371",2013-10-18,11,99
"2372",2013-10-19,5,16
"2373",2013-10-20,6,43
"2374",2013-10-21,14,113
"2375",2013-10-22,18,127
"2376",2013-10-23,12,118
"2377",2013-10-24,13,125
"2378",2013-10-25,10,121
"2379",2013-10-26,5,13
"2380",2013-10-27,8,43
"2381",2013-10-28,16,120
"2382",2013-10-29,15,156
"2383",2013-10-30,20,159
"2384",2013-10-31,17,130
"2385",2013-11-01,24,114
"2386",2013-11-02,4,17
"2387",2013-11-03,8,46
"2388",2013-11-04,32,150
"2389",2013-11-05,29,149
"2390",2013-11-06,28,157
"2391",2013-11-07,14,143
"2392",2013-11-08,6,97
"2393",2013-11-09,4,17
"2394",2013-11-10,1,55
"2395",2013-11-11,13,106
"2396",2013-11-12,19,135
"2397",2013-11-13,19,145
"2398",2013-11-14,10,144
"2399",2013-11-15,6,105
"2400",2013-11-17,4,37
"2401",2013-11-18,15,120
"2402",2013-11-19,12,134
"2403",2013-11-20,10,149
"2404",2013-11-21,11,152
"2405",2013-11-22,8,83
"2406",2013-11-24,1,53
"2407",2013-11-25,12,99
"2408",2013-11-26,14,91
"2409",2013-11-27,8,68
"2410",2013-11-28,1,18
"2411",2013-11-29,3,21
"2412",2013-12-01,3,40
"2413",2013-12-02,10,119
"2414",2013-12-03,11,130
"2415",2013-12-04,11,143
"2416",2013-12-05,11,149
"2417",2013-12-06,9,97
"2418",2013-12-07,2,18
"2419",2013-12-08,2,38
"2420",2013-12-09,7,122
"2421",2013-12-10,12,123
"2422",2013-12-11,18,130
"2423",2013-12-12,6,127
"2424",2013-12-13,14,104
"2425",2013-12-14,2,10
"2426",2013-12-15,5,42
"2427",2013-12-16,8,91
"2428",2013-12-17,8,97
"2429",2013-12-18,7,124
"2430",2013-12-19,8,105
"2431",2013-12-20,14,90
"2432",2013-12-21,2,17
"2433",2013-12-22,5,47
"2434",2013-12-23,9,73
"2435",2013-12-24,1,39
"2436",2013-12-26,5,31
"2437",2013-12-27,5,43
"2438",2013-12-29,1,31
"2439",2013-12-30,8,66
"2440",2013-12-31,6,56
"2441",2014-01-01,6,35
"2442",2014-01-02,5,93
"2443",2014-01-03,4,77
"2444",2014-01-04,1,13
"2445",2014-01-05,6,42
"2446",2014-01-06,9,99
"2447",2014-01-07,11,114
"2448",2014-01-08,7,137
"2449",2014-01-09,7,117
"2450",2014-01-10,9,108
"2451",2014-01-11,2,17
"2452",2014-01-12,2,32
"2453",2014-01-13,8,103
"2454",2014-01-14,15,114
"2455",2014-01-15,16,119
"2456",2014-01-16,7,115
"2457",2014-01-17,8,110
"2458",2014-01-20,10,40
"2459",2014-01-21,16,118
"2460",2014-01-22,15,108
"2461",2014-01-23,13,109
"2462",2014-01-24,10,105
"2463",2014-01-25,2,13
"2464",2014-01-26,4,40
"2465",2014-01-27,12,130
"2466",2014-01-28,17,210
"2467",2014-01-29,12,169
"2468",2014-01-30,13,123
"2469",2014-01-31,8,148
"2470",2014-02-01,2,16
"2471",2014-02-02,2,43
"2472",2014-02-03,11,111
"2473",2014-02-04,11,139
"2474",2014-02-05,11,102
"2475",2014-02-06,11,121
"2476",2014-02-07,12,97
"2477",2014-02-08,2,10
"2478",2014-02-10,10,107
"2479",2014-02-11,17,153
"2480",2014-02-12,16,126
"2481",2014-02-13,11,90
"2482",2014-02-14,9,91
"2483",2014-02-15,1,11
"2484",2014-02-16,1,30
"2485",2014-02-17,7,34
"2486",2014-02-18,16,88
"2487",2014-02-19,14,106
"2488",2014-02-20,12,112
"2489",2014-02-21,9,132
"2490",2014-02-22,3,13
"2491",2014-02-23,4,44
"2492",2014-02-24,10,118
"2493",2014-02-25,5,134
"2494",2014-02-26,15,132
"2495",2014-02-27,14,121
"2496",2014-02-28,6,111
"2497",2014-03-01,1,13
"2498",2014-03-02,2,53
"2499",2014-03-03,8,123
"2500",2014-03-04,16,124
"2501",2014-03-05,9,139
"2502",2014-03-06,16,153
"2503",2014-03-07,12,104
"2504",2014-03-08,3,19
"2505",2014-03-09,5,38
"2506",2014-03-10,13,94
"2507",2014-03-11,15,103
"2508",2014-03-12,12,114
"2509",2014-03-13,9,124
"2510",2014-03-14,8,83
"2511",2014-03-15,4,12
"2512",2014-03-16,6,37
"2513",2014-03-17,9,109
"2514",2014-03-18,10,95
"2515",2014-03-19,10,105
"2516",2014-03-20,10,111
"2517",2014-03-21,7,79
"2518",2014-03-22,1,11
"2519",2014-03-23,1,35
"2520",2014-03-24,10,94
"2521",2014-03-25,14,134
"2522",2014-03-26,16,109
"2523",2014-03-27,11,115
"2524",2014-03-28,8,93
"2525",2014-03-29,1,26
"2526",2014-03-30,6,32
"2527",2014-03-31,10,112
"2528",2014-04-01,12,105
"2529",2014-04-02,11,116
"2530",2014-04-03,9,110
"2531",2014-04-04,7,90
"2532",2014-04-05,2,10
"2533",2014-04-06,2,33
"2534",2014-04-07,16,104
"2535",2014-04-08,15,123
"2536",2014-04-09,13,107
"2537",2014-04-10,5,117
"2538",2014-04-11,7,93
"2539",2014-04-12,1,9
"2540",2014-04-13,3,29
"2541",2014-04-14,5,75
"2542",2014-04-15,10,99
"2543",2014-04-16,10,101
"2544",2014-04-17,10,89
"2545",2014-04-18,7,85
"2546",2014-04-21,8,92
"2547",2014-04-22,17,102
"2548",2014-04-23,15,101
"2549",2014-04-24,10,126
"2550",2014-04-25,5,93
"2551",2014-04-26,3,18
"2552",2014-04-27,4,35
"2553",2014-04-28,16,133
"2554",2014-04-29,16,125
"2555",2014-04-30,9,117
"2556",2014-05-01,9,121
"2557",2014-05-02,6,116
"2558",2014-05-04,4,31
"2559",2014-05-05,13,103
"2560",2014-05-06,16,122
"2561",2014-05-07,10,116
"2562",2014-05-08,8,111
"2563",2014-05-09,6,83
"2564",2014-05-10,1,8
"2565",2014-05-11,3,33
"2566",2014-05-12,7,110
"2567",2014-05-13,13,129
"2568",2014-05-14,11,105
"2569",2014-05-15,14,115
"2570",2014-05-16,10,95
"2571",2014-05-17,3,16
"2572",2014-05-18,1,29
"2573",2014-05-19,27,114
"2574",2014-05-20,16,123
"2575",2014-05-21,15,133
"2576",2014-05-22,18,133
"2577",2014-05-23,12,96
"2578",2014-05-24,1,5
"2579",2014-05-25,5,18
"2580",2014-05-26,3,11
"2581",2014-05-27,13,116
"2582",2014-05-28,7,125
"2583",2014-05-29,9,99
"2584",2014-05-30,12,103
"2585",2014-06-01,2,40
"2586",2014-06-02,9,113
"2587",2014-06-03,25,121
"2588",2014-06-04,17,127
"2589",2014-06-05,6,109
"2590",2014-06-06,13,110
"2591",2014-06-07,4,23
"2592",2014-06-08,2,19
"2593",2014-06-09,9,116
"2594",2014-06-10,20,145
"2595",2014-06-11,17,140
"2596",2014-06-12,23,123
"2597",2014-06-13,12,87
"2598",2014-06-14,2,13
"2599",2014-06-15,2,41
"2600",2014-06-16,18,111
"2601",2014-06-17,13,119
"2602",2014-06-18,9,123
"2603",2014-06-19,13,149
"2604",2014-06-20,12,118
"2605",2014-06-21,4,9
"2606",2014-06-22,4,35
"2607",2014-06-23,15,100
"2608",2014-06-24,37,149
"2609",2014-06-25,20,130
"2610",2014-06-26,12,107
"2611",2014-06-27,12,86
"2612",2014-06-29,4,31
"2613",2014-06-30,10,109
"2614",2014-07-01,10,106
"2615",2014-07-02,12,88
"2616",2014-07-03,9,81
"2617",2014-07-04,2,17
"2618",2014-07-05,1,1
"2619",2014-07-06,3,24
"2620",2014-07-07,8,91
"2621",2014-07-08,6,126
"2622",2014-07-09,7,123
"2623",2014-07-10,9,116
"2624",2014-07-11,7,101
"2625",2014-07-12,2,10
"2626",2014-07-13,1,27
"2627",2014-07-14,8,102
"2628",2014-07-15,11,153
"2629",2014-07-16,12,132
"2630",2014-07-17,6,123
"2631",2014-07-18,5,113
"2632",2014-07-19,1,12
"2633",2014-07-20,2,31
"2634",2014-07-21,31,113
"2635",2014-07-22,21,125
"2636",2014-07-23,13,113
"2637",2014-07-24,15,118
"2638",2014-07-25,11,97
"2639",2014-07-26,3,16
"2640",2014-07-28,17,117
"2641",2014-07-29,15,119
"2642",2014-07-30,18,112
"2643",2014-07-31,15,119
"2644",2014-08-01,12,111
"2645",2014-08-02,3,12
"2646",2014-08-03,1,20
"2647",2014-08-04,9,103
"2648",2014-08-05,18,91
"2649",2014-08-06,14,102
"2650",2014-08-07,15,98
"2651",2014-08-08,14,93
"2652",2014-08-09,2,15
"2653",2014-08-10,5,28
"2654",2014-08-11,16,109
"2655",2014-08-12,10,95
"2656",2014-08-13,11,102
"2657",2014-08-14,7,107
"2658",2014-08-15,12,85
"2659",2014-08-16,2,13
"2660",2014-08-17,1,17
"2661",2014-08-18,16,104
"2662",2014-08-19,17,117
"2663",2014-08-20,23,116
"2664",2014-08-21,13,108
"2665",2014-08-22,15,99
"2666",2014-08-24,4,28
"2667",2014-08-25,5,76
"2668",2014-08-26,13,90
"2669",2014-08-27,17,87
"2670",2014-08-28,15,87
"2671",2014-08-29,7,67
"2672",2014-08-30,4,11
"2673",2014-08-31,1,22
"2674",2014-09-01,2,20
"2675",2014-09-02,14,104
"2676",2014-09-03,17,129
"2677",2014-09-04,13,123
"2678",2014-09-05,12,101
"2679",2014-09-06,6,18
"2680",2014-09-07,7,41
"2681",2014-09-08,22,118
"2682",2014-09-09,42,136
"2683",2014-09-10,30,132
"2684",2014-09-11,12,106
"2685",2014-09-12,11,121
"2686",2014-09-13,2,8
"2687",2014-09-14,6,31
"2688",2014-09-15,31,133
"2689",2014-09-16,18,134
"2690",2014-09-17,24,142
"2691",2014-09-18,30,136
"2692",2014-09-19,18,99
"2693",2014-09-20,6,13
"2694",2014-09-21,4,28
"2695",2014-09-22,18,117
"2696",2014-09-23,10,139
"2697",2014-09-24,19,106
"2698",2014-09-25,18,103
"2699",2014-09-26,13,78
"2700",2014-09-27,3,16
"2701",2014-09-28,6,27
"2702",2014-09-29,24,129
"2703",2014-09-30,17,122
"2704",2014-10-01,20,121
"2705",2014-10-02,18,113
"2706",2014-10-03,20,95
"2707",2014-10-04,2,12
"2708",2014-10-05,4,37
"2709",2014-10-06,21,97
"2710",2014-10-07,16,105
"2711",2014-10-08,22,110
"2712",2014-10-09,24,121
"2713",2014-10-10,29,100
"2714",2014-10-11,2,8
"2715",2014-10-12,4,24
"2716",2014-10-13,12,77
"2717",2014-10-14,20,115
"2718",2014-10-15,29,119
"2719",2014-10-16,25,106
"2720",2014-10-17,20,99
"2721",2014-10-18,1,6
"2722",2014-10-19,8,25
"2723",2014-10-20,39,113
"2724",2014-10-21,31,113
"2725",2014-10-22,23,105
"2726",2014-10-23,27,114
"2727",2014-10-24,24,93
"2728",2014-10-25,3,9
"2729",2014-10-26,6,27
"2730",2014-10-27,33,111
"2731",2014-10-28,25,111
"2732",2014-10-29,40,130
"2733",2014-10-30,30,115
"2734",2014-10-31,30,104
"2735",2014-11-01,18,21
"2736",2014-11-02,17,38
"2737",2014-11-03,42,114
"2738",2014-11-04,82,169
"2739",2014-11-05,46,154
"2740",2014-11-06,17,104
"2741",2014-11-07,15,99
"2742",2014-11-08,4,17
"2743",2014-11-09,3,29
"2744",2014-11-10,8,103
"2745",2014-11-11,4,88
"2746",2014-11-12,11,122
"2747",2014-11-13,6,100
"2748",2014-11-14,8,90
"2749",2014-11-15,3,9
"2750",2014-11-16,2,21
"2751",2014-11-17,10,96
"2752",2014-11-18,11,106
"2753",2014-11-19,18,118
"2754",2014-11-20,13,107
"2755",2014-11-21,13,99
"2756",2014-11-23,1,12
"2757",2014-11-24,5,94
"2758",2014-11-25,4,95
"2759",2014-11-26,5,58
"2760",2014-11-28,1,5
"2761",2014-12-01,8,100
"2762",2014-12-02,5,107
"2763",2014-12-03,7,108
"2764",2014-12-04,7,103
"2765",2014-12-05,3,90
"2766",2014-12-06,2,10
"2767",2014-12-07,1,17
"2768",2014-12-08,4,100
"2769",2014-12-09,9,122
"2770",2014-12-10,6,121
"2771",2014-12-11,6,101
"2772",2014-12-12,8,92
"2773",2014-12-15,7,100
"2774",2014-12-16,12,104
"2775",2014-12-17,11,134
"2776",2014-12-18,12,99
"2777",2014-12-19,13,90
"2778",2014-12-22,9,81
"2779",2014-12-23,12,85
"2780",2014-12-24,3,37
"2781",2014-12-26,1,15
"2782",2014-12-27,1,6
"2783",2014-12-28,2,10
"2784",2014-12-29,8,48
"2785",2014-12-30,6,55
"2786",2014-12-31,2,36
"2787",2015-01-01,2,17
"2788",2015-01-02,4,44
"2789",2015-01-05,9,85
"2790",2015-01-06,6,106
"2791",2015-01-07,8,133
"2792",2015-01-08,4,103
"2793",2015-01-09,9,98
"2794",2015-01-10,4,10
"2795",2015-01-11,3,17
"2796",2015-01-12,11,107
"2797",2015-01-13,6,113
"2798",2015-01-14,6,118
"2799",2015-01-15,9,108
"2800",2015-01-16,14,118
"2801",2015-01-18,2,20
"2802",2015-01-19,6,22
"2803",2015-01-20,22,116
"2804",2015-01-21,10,150
"2805",2015-01-22,10,133
"2806",2015-01-23,3,87
"2807",2015-01-24,2,20
"2808",2015-01-25,1,17
"2809",2015-01-26,5,110
"2810",2015-01-27,10,111
"2811",2015-01-28,10,108
"2812",2015-01-29,12,129
"2813",2015-01-30,11,110
"2814",2015-01-31,4,11
"2815",2015-02-01,5,17
"2816",2015-02-02,9,112
"2817",2015-02-03,11,124
"2818",2015-02-04,8,114
"2819",2015-02-05,3,102
"2820",2015-02-06,7,78
"2821",2015-02-07,1,8
"2822",2015-02-08,3,16
"2823",2015-02-09,14,112
"2824",2015-02-10,7,136
"2825",2015-02-11,11,108
"2826",2015-02-12,5,101
"2827",2015-02-13,12,97
"2828",2015-02-14,1,11
"2829",2015-02-15,1,18
"2830",2015-02-16,6,19
"2831",2015-02-17,13,89
"2832",2015-02-18,15,97
"2833",2015-02-19,8,101
"2834",2015-02-20,7,110
"2835",2015-02-21,1,7
"2836",2015-02-22,3,18
"2837",2015-02-23,13,95
"2838",2015-02-24,19,121
"2839",2015-02-25,8,122
"2840",2015-02-26,17,150
"2841",2015-02-27,14,105
"2842",2015-02-28,4,14
"2843",2015-03-01,4,14
"2844",2015-03-02,9,128
"2845",2015-03-03,10,124
"2846",2015-03-04,11,114
"2847",2015-03-05,3,104
"2848",2015-03-06,4,83
"2849",2015-03-07,1,15
"2850",2015-03-08,2,14
"2851",2015-03-09,8,121
"2852",2015-03-10,6,123
"2853",2015-03-11,6,104
"2854",2015-03-12,15,112
"2855",2015-03-13,14,89
"2856",2015-03-14,1,4
"2857",2015-03-15,2,15
"2858",2015-03-16,8,116
"2859",2015-03-17,13,109
"2860",2015-03-18,10,108
"2861",2015-03-19,17,119
"2862",2015-03-20,13,92
"2863",2015-03-21,1,6
"2864",2015-03-23,18,130
"2865",2015-03-24,5,106
"2866",2015-03-25,6,94
"2867",2015-03-26,6,100
"2868",2015-03-27,9,99
"2869",2015-03-28,2,12
"2870",2015-03-29,3,14
"2871",2015-03-30,10,124
"2872",2015-03-31,20,129
"2873",2015-04-01,10,103
"2874",2015-04-02,11,110
"2875",2015-04-03,9,69
"2876",2015-04-05,1,13
"2877",2015-04-06,10,83
"2878",2015-04-07,14,105
"2879",2015-04-08,10,106
"2880",2015-04-09,11,103
"2881",2015-04-10,22,92
"2882",2015-04-11,3,13
"2883",2015-04-12,3,27
"2884",2015-04-13,11,95
"2885",2015-04-14,13,109
"2886",2015-04-15,13,99
"2887",2015-04-16,8,112
"2888",2015-04-17,15,101
"2889",2015-04-18,2,9
"2890",2015-04-19,5,21
"2891",2015-04-20,8,104
"2892",2015-04-21,13,121
"2893",2015-04-22,10,123
"2894",2015-04-23,7,121
"2895",2015-04-24,7,97
"2896",2015-04-26,3,19
"2897",2015-04-27,14,113
"2898",2015-04-28,10,122
"2899",2015-04-29,9,118
"2900",2015-04-30,4,125
"2901",2015-05-01,11,85
"2902",2015-05-02,2,11
"2903",2015-05-03,1,14
"2904",2015-05-04,13,106
"2905",2015-05-05,21,122
"2906",2015-05-06,19,116
"2907",2015-05-07,17,104
"2908",2015-05-08,17,99
"2909",2015-05-09,1,5
"2910",2015-05-10,3,18
"2911",2015-05-11,12,116
"2912",2015-05-12,24,130
"2913",2015-05-13,16,120
"2914",2015-05-14,14,128
"2915",2015-05-15,12,93
"2916",2015-05-16,2,11
"2917",2015-05-17,3,14
"2918",2015-05-18,16,120
"2919",2015-05-19,14,110
"2920",2015-05-20,12,108
"2921",2015-05-21,17,118
"2922",2015-05-22,9,88
"2923",2015-05-23,2,9
"2924",2015-05-24,2,11
"2925",2015-05-25,1,7
"2926",2015-05-26,17,113
"2927",2015-05-27,12,131
"2928",2015-05-28,17,114
"2929",2015-05-29,18,102
"2930",2015-05-30,6,13
"2931",2015-05-31,5,22
"2932",2015-06-01,12,136
"2933",2015-06-02,15,120
"2934",2015-06-03,20,126
"2935",2015-06-04,20,129
"2936",2015-06-05,11,81
"2937",2015-06-06,4,14
"2938",2015-06-07,4,16
"2939",2015-06-08,17,119
"2940",2015-06-09,19,111
"2941",2015-06-10,15,116
"2942",2015-06-11,15,122
"2943",2015-06-12,10,115
"2944",2015-06-13,3,16
"2945",2015-06-14,6,17
"2946",2015-06-15,14,124
"2947",2015-06-16,11,118
"2948",2015-06-17,18,120
"2949",2015-06-18,16,117
"2950",2015-06-19,12,113
"2951",2015-06-20,4,11
"2952",2015-06-21,7,14
"2953",2015-06-22,9,119
"2954",2015-06-23,16,109
"2955",2015-06-24,12,101
"2956",2015-06-25,15,120
"2957",2015-06-26,11,94
"2958",2015-06-27,1,10
"2959",2015-06-28,4,16
"2960",2015-06-29,11,94
"2961",2015-06-30,13,111
"2962",2015-07-01,12,114
"2963",2015-07-02,14,84
"2964",2015-07-03,4,15
"2965",2015-07-04,2,5
"2966",2015-07-05,4,11
"2967",2015-07-06,17,89
"2968",2015-07-07,15,104
"2969",2015-07-08,19,114
"2970",2015-07-09,11,110
"2971",2015-07-10,14,104
"2972",2015-07-11,3,5
"2973",2015-07-12,4,15
"2974",2015-07-13,19,119
"2975",2015-07-14,17,126
"2976",2015-07-15,37,130
"2977",2015-07-16,24,137
"2978",2015-07-17,21,94
"2979",2015-07-18,2,8
"2980",2015-07-19,9,16
"2981",2015-07-20,23,124
"2982",2015-07-21,23,121
"2983",2015-07-22,29,112
"2984",2015-07-23,18,124
"2985",2015-07-24,20,96
"2986",2015-07-25,2,11
"2987",2015-07-26,4,19
"2988",2015-07-27,24,105
"2989",2015-07-28,28,116
"2990",2015-07-29,20,91
"2991",2015-07-30,30,113
"2992",2015-07-31,19,107
"2993",2015-08-01,3,16
"2994",2015-08-02,13,27
"2995",2015-08-03,33,113
"2996",2015-08-04,33,106
"2997",2015-08-05,27,109
"2998",2015-08-06,44,146
"2999",2015-08-07,29,100
"3000",2015-08-08,2,11
"3001",2015-08-09,7,11
"3002",2015-08-10,22,114
"3003",2015-08-11,22,93
"3004",2015-08-12,21,111
"3005",2015-08-13,25,112
"3006",2015-08-14,24,92
"3007",2015-08-15,4,9
"3008",2015-08-16,5,14
"3009",2015-08-17,26,117
"3010",2015-08-18,30,108
"3011",2015-08-19,18,111
"3012",2015-08-20,25,125
"3013",2015-08-21,25,107
"3014",2015-08-22,5,12
"3015",2015-08-23,5,15
"3016",2015-08-24,22,120
"3017",2015-08-25,30,122
"3018",2015-08-26,23,109
"3019",2015-08-27,21,101
"3020",2015-08-28,27,96
"3021",2015-08-29,5,11
"3022",2015-08-30,4,11
"3023",2015-08-31,19,93
"3024",2015-09-01,20,107
"3025",2015-09-02,19,107
"3026",2015-09-03,22,96
"3027",2015-09-04,16,79
"3028",2015-09-05,2,3
"3029",2015-09-06,4,11
"3030",2015-09-07,3,15
"3031",2015-09-08,24,136
"3032",2015-09-09,19,136
"3033",2015-09-10,31,129
"3034",2015-09-11,22,99
"3035",2015-09-12,5,8
"3036",2015-09-13,6,13
"3037",2015-09-14,27,102
"3038",2015-09-15,35,122
"3039",2015-09-16,32,167
"3040",2015-09-17,34,161
"3041",2015-09-18,20,125
"3042",2015-09-19,6,19
"3043",2015-09-20,6,23
"3044",2015-09-21,26,116
"3045",2015-09-22,24,124
"3046",2015-09-23,27,119
"3047",2015-09-24,31,143
"3048",2015-09-25,22,148
"3049",2015-09-26,1,12
"3050",2015-09-27,8,21
"3051",2015-09-28,22,144
"3052",2015-09-29,20,138
"3053",2015-09-30,29,148
"3054",2015-10-01,27,154
"3055",2015-10-02,28,147
"3056",2015-10-03,1,8
"3057",2015-10-04,5,16
"3058",2015-10-05,23,141
"3059",2015-10-06,14,117
"3060",2015-10-07,17,143
"3061",2015-10-08,24,143
"3062",2015-10-09,21,123
"3063",2015-10-10,4,12
"3064",2015-10-11,3,13
"3065",2015-10-12,27,109
"3066",2015-10-13,31,168
"3067",2015-10-14,25,154
"3068",2015-10-15,34,150
"3069",2015-10-16,24,120
"3070",2015-10-17,2,6
"3071",2015-10-18,4,10
"3072",2015-10-19,30,127
"3073",2015-10-20,29,138
"3074",2015-10-21,33,147
"3075",2015-10-22,25,151
"3076",2015-10-23,30,113
"3077",2015-10-24,6,11
"3078",2015-10-25,3,23
"3079",2015-10-26,26,121
"3080",2015-10-27,27,146
"3081",2015-10-28,36,208
"3082",2015-10-29,32,159
"3083",2015-10-30,27,126
"3084",2015-10-31,3,6
"3085",2015-11-01,4,16
"3086",2015-11-02,33,135
"3087",2015-11-03,41,143
"3088",2015-11-04,34,155
"3089",2015-11-05,28,133
"3090",2015-11-06,23,113
"3091",2015-11-07,1,8
"3092",2015-11-08,7,18
"3093",2015-11-09,26,135
"3094",2015-11-10,32,198
"3095",2015-11-11,17,108
"3096",2015-11-12,22,140
"3097",2015-11-13,18,131
"3098",2015-11-14,6,62
"3099",2015-11-15,4,31
"3100",2015-11-16,17,157
"3101",2015-11-17,21,148
"3102",2015-11-18,30,155
"3103",2015-11-19,21,153
"3104",2015-11-20,20,106
"3105",2015-11-21,4,8
"3106",2015-11-22,5,23
"3107",2015-11-23,29,139
"3108",2015-11-24,21,111
"3109",2015-11-25,11,89
"3110",2015-11-27,2,10
"3111",2015-11-28,4,7
"3112",2015-11-29,4,19
"3113",2015-11-30,20,144
"3114",2015-12-01,17,134
"3115",2015-12-02,22,136
"3116",2015-12-03,17,142
"3117",2015-12-04,18,100
"3118",2015-12-05,6,12
"3119",2015-12-06,6,23
"3120",2015-12-07,25,120
"3121",2015-12-08,42,158
"3122",2015-12-09,26,132
"3123",2015-12-10,22,145
"3124",2015-12-11,36,128
"3125",2015-12-12,7,22
"3126",2015-12-13,4,17
"3127",2015-12-14,32,137
"3128",2015-12-15,34,177
"3129",2015-12-16,27,149
"3130",2015-12-17,16,127
"3131",2015-12-18,18,108
"3132",2015-12-19,11,52
"3133",2015-12-20,6,21
"3134",2015-12-21,15,126
"3135",2015-12-22,25,108
"3136",2015-12-23,21,108
"3137",2015-12-24,14,46
"3138",2015-12-25,3,5
"3139",2015-12-26,4,8
"3140",2015-12-27,4,10
"3141",2015-12-28,19,78
"3142",2015-12-29,11,77
"3143",2015-12-30,14,73
"3144",2015-12-31,9,53
"3145",2016-01-01,8,16
"3146",2016-01-02,3,8
"3147",2016-01-03,5,22
"3148",2016-01-04,22,122
"3149",2016-01-05,25,144
"3150",2016-01-06,24,141
"3151",2016-01-07,24,148
"3152",2016-01-08,31,122
"3153",2016-01-09,8,17
"3154",2016-01-10,10,29
"3155",2016-01-11,31,161
"3156",2016-01-12,35,203
"3157",2016-01-13,35,154
"3158",2016-01-14,38,183
"3159",2016-01-15,33,150
"3160",2016-01-16,8,20
"3161",2016-01-17,9,59
"3162",2016-01-18,11,30
"3163",2016-01-19,29,153
"3164",2016-01-20,46,160
"3165",2016-01-21,41,147
"3166",2016-01-22,30,120
"3167",2016-01-23,11,20
"3168",2016-01-24,7,26
"3169",2016-01-25,22,136
"3170",2016-01-26,37,151
"3171",2016-01-27,32,140
"3172",2016-01-28,34,201
"3173",2016-01-29,25,136
"3174",2016-01-30,11,33
"3175",2016-01-31,21,45
"3176",2016-02-01,57,200
"3177",2016-02-02,37,177
"3178",2016-02-03,40,164
"3179",2016-02-04,31,180
"3180",2016-02-05,35,131
"3181",2016-02-06,9,43
"3182",2016-02-07,16,40
"3183",2016-02-08,45,163
"3184",2016-02-09,57,187
"3185",2016-02-10,28,142
"3186",2016-02-11,19,167
"3187",2016-02-12,18,130
"3188",2016-02-13,9,53
"3189",2016-02-14,6,25
"3190",2016-02-15,5,21
"3191",2016-02-16,22,130
"3192",2016-02-17,35,134
"3193",2016-02-18,46,145
"3194",2016-02-19,45,136
"3195",2016-02-20,29,70
"3196",2016-02-21,12,25
"3197",2016-02-22,26,144
"3198",2016-02-23,37,150
"3199",2016-02-24,29,157
"3200",2016-02-25,39,181
"3201",2016-02-26,30,135
"3202",2016-02-27,14,47
"3203",2016-02-28,11,31
"3204",2016-02-29,44,162
"3205",2016-03-01,53,189
"3206",2016-03-02,41,151
"3207",2016-03-03,36,189
"3208",2016-03-04,27,139
"3209",2016-03-05,18,39
"3210",2016-03-06,11,59
"3211",2016-03-07,45,161
"3212",2016-03-08,49,150
"3213",2016-03-09,58,180
"3214",2016-03-10,33,196
"3215",2016-03-11,26,129
"3216",2016-03-12,9,35
"3217",2016-03-13,5,24
"3218",2016-03-14,29,153
"3219",2016-03-15,51,179
"3220",2016-03-16,25,163
"3221",2016-03-17,24,139
"3222",2016-03-18,23,102
"3223",2016-03-19,2,14
"3224",2016-03-20,5,25
"3225",2016-03-21,22,147
"3226",2016-03-22,23,160
"3227",2016-03-23,23,143
"3228",2016-03-24,23,142
"3229",2016-03-25,16,90
"3230",2016-03-26,3,9
"3231",2016-03-27,3,19
"3232",2016-03-28,21,121
"3233",2016-03-29,15,131
"3234",2016-03-30,23,130
"3235",2016-03-31,23,125
"3236",2016-04-01,31,129
"3237",2016-04-02,4,15
"3238",2016-04-03,4,16
"3239",2016-04-04,32,132
"3240",2016-04-05,34,156
"3241",2016-04-06,28,144
"3242",2016-04-07,23,137
"3243",2016-04-08,22,120
"3244",2016-04-09,6,16
"3245",2016-04-10,3,16
"3246",2016-04-11,29,134
"3247",2016-04-12,22,144
"3248",2016-04-13,33,153
"3249",2016-04-14,39,169
"3250",2016-04-15,23,113
"3251",2016-04-16,6,19
"3252",2016-04-17,2,16
"3253",2016-04-18,36,146
"3254",2016-04-19,35,142
"3255",2016-04-20,30,148
"3256",2016-04-21,23,148
"3257",2016-04-22,20,109
"3258",2016-04-23,5,12
"3259",2016-04-24,5,24
"3260",2016-04-25,29,126
"3261",2016-04-26,49,160
"3262",2016-04-27,13,127
"3263",2016-04-28,18,138
"3264",2016-04-29,18,127
"3265",2016-04-30,2,17
"3266",2016-05-01,3,17
"3267",2016-05-02,20,130
"3268",2016-05-03,37,143
"3269",2016-05-04,31,138
"3270",2016-05-05,21,139
"3271",2016-05-06,15,118
"3272",2016-05-07,2,10
"3273",2016-05-08,2,15
"3274",2016-05-09,17,142
"3275",2016-05-10,30,134
"3276",2016-05-11,25,150
"3277",2016-05-12,14,132
"3278",2016-05-13,11,99
"3279",2016-05-14,4,12
"3280",2016-05-15,4,14
"3281",2016-05-16,16,138
"3282",2016-05-17,23,160
"3283",2016-05-18,17,126
"3284",2016-05-19,16,134
"3285",2016-05-20,22,127
"3286",2016-05-21,4,13
"3287",2016-05-22,5,13
"3288",2016-05-23,24,137
"3289",2016-05-24,29,142
"3290",2016-05-25,21,128
"3291",2016-05-26,17,134
"3292",2016-05-27,19,101
"3293",2016-05-28,1,10
"3294",2016-05-29,4,20
"3295",2016-05-30,2,10
"3296",2016-05-31,28,123
"3297",2016-06-01,18,146
"3298",2016-06-02,21,156
"3299",2016-06-03,24,126
"3300",2016-06-04,4,20
"3301",2016-06-05,2,16
"3302",2016-06-06,33,160
"3303",2016-06-07,38,161
"3304",2016-06-08,19,149
"3305",2016-06-09,24,168
"3306",2016-06-10,15,119
"3307",2016-06-11,2,15
"3308",2016-06-12,2,41
"3309",2016-06-13,13,141
"3310",2016-06-14,18,168
"3311",2016-06-15,27,140
"3312",2016-06-16,20,169
"3313",2016-06-17,24,124
"3314",2016-06-18,7,20
"3315",2016-06-19,3,15
"3316",2016-06-20,21,155
"3317",2016-06-21,23,151
"3318",2016-06-22,26,148
"3319",2016-06-23,24,157
"3320",2016-06-24,18,116
"3321",2016-06-25,3,10
"3322",2016-06-26,9,23
"3323",2016-06-27,20,125
"3324",2016-06-28,25,130
"3325",2016-06-29,21,135
"3326",2016-06-30,24,138
"3327",2016-07-01,18,110
"3328",2016-07-02,4,18
"3329",2016-07-03,3,16
"3330",2016-07-04,3,14
"3331",2016-07-05,21,135
"3332",2016-07-06,16,129
"3333",2016-07-07,11,161
"3334",2016-07-08,9,132
"3335",2016-07-09,2,12
"3336",2016-07-11,24,135
"3337",2016-07-12,16,142
"3338",2016-07-13,27,165
"3339",2016-07-14,30,169
"3340",2016-07-15,28,167
"3341",2016-07-16,5,28
"3342",2016-07-17,4,24
"3343",2016-07-18,26,210
"3344",2016-07-19,23,187
"3345",2016-07-20,24,185
"3346",2016-07-21,14,167
"3347",2016-07-22,15,135
"3348",2016-07-23,4,31
"3349",2016-07-24,4,25
"3350",2016-07-25,21,194
"3351",2016-07-26,18,197
"3352",2016-07-27,14,210
"3353",2016-07-28,13,184
"3354",2016-07-29,16,119
"3355",2016-07-30,6,16
"3356",2016-07-31,2,20
"3357",2016-08-01,27,149
"3358",2016-08-02,25,138
"3359",2016-08-03,27,157
"3360",2016-08-04,39,136
"3361",2016-08-05,28,114
"3362",2016-08-06,2,16
"3363",2016-08-07,5,18
"3364",2016-08-08,31,101
"3365",2016-08-09,31,121
"3366",2016-08-10,19,107
"3367",2016-08-11,36,137
"3368",2016-08-12,27,89
"3369",2016-08-13,6,15
"3370",2016-08-14,5,13
"3371",2016-08-15,25,116
"3372",2016-08-16,33,134
"3373",2016-08-17,37,125
"3374",2016-08-18,33,119
"3375",2016-08-19,24,106
"3376",2016-08-20,6,15
"3377",2016-08-21,2,15
"3378",2016-08-22,31,115
"3379",2016-08-23,26,124
"3380",2016-08-24,23,117
"3381",2016-08-25,25,120
"3382",2016-08-26,19,100
"3383",2016-08-27,10,14
"3384",2016-08-28,3,14
"3385",2016-08-29,20,93
"3386",2016-08-30,23,118
"3387",2016-08-31,22,100
"3388",2016-09-01,16,122
"3389",2016-09-02,16,87
"3390",2016-09-03,4,14
"3391",2016-09-04,6,14
"3392",2016-09-05,4,23
"3393",2016-09-06,32,161
"3394",2016-09-07,32,145
"3395",2016-09-08,32,155
"3396",2016-09-09,25,144
"3397",2016-09-10,4,16
"3398",2016-09-11,8,17
"3399",2016-09-12,19,147
"3400",2016-09-13,30,170
"3401",2016-09-14,28,145
"3402",2016-09-15,39,170
"3403",2016-09-16,31,130
"3404",2016-09-17,6,22
"3405",2016-09-18,3,20
"3406",2016-09-19,22,135
"3407",2016-09-20,32,134
"3408",2016-09-21,32,161
"3409",2016-09-22,28,145
"3410",2016-09-23,33,129
"3411",2016-09-24,5,18
"3412",2016-09-25,10,27
"3413",2016-09-26,33,193
"3414",2016-09-27,37,175
"3415",2016-09-28,36,152
"3416",2016-09-29,24,141
"3417",2016-09-30,28,141
"3418",2016-10-01,7,21
"3419",2016-10-02,5,19
"3420",2016-10-03,42,144
"3421",2016-10-04,27,185
"3422",2016-10-05,34,160
"3423",2016-10-06,34,144
"3424",2016-10-07,39,152
"3425",2016-10-08,16,75
"3426",2016-10-09,14,127
"3427",2016-10-10,46,157
"3428",2016-10-11,48,167
"3429",2016-10-12,40,151
"3430",2016-10-13,35,164
"3431",2016-10-14,31,137
"3432",2016-10-15,7,24
"3433",2016-10-16,15,27
"3434",2016-10-17,39,128
"3435",2016-10-18,41,141
"3436",2016-10-19,45,202
"3437",2016-10-20,39,176
"3438",2016-10-21,35,129
"3439",2016-10-22,12,22
"3440",2016-10-23,11,24
"3441",2016-10-24,51,152
"3442",2016-10-25,38,140
"3443",2016-10-26,39,139
"3444",2016-10-27,38,149
"3445",2016-10-28,40,137
"3446",2016-10-29,15,23
"3447",2016-10-30,13,23
"3448",2016-10-31,34,149
"3449",2016-11-01,37,149
"3450",2016-11-02,53,142
"3451",2016-11-03,51,146
"3452",2016-11-04,36,135
"3453",2016-11-05,22,49
"3454",2016-11-06,32,70
"3455",2016-11-07,75,150
"3456",2016-11-08,87,185
"3457",2016-11-09,68,222
"3458",2016-11-10,26,133
"3459",2016-11-11,19,109
"3460",2016-11-12,2,16
"3461",2016-11-13,5,36
"3462",2016-11-14,16,157
"3463",2016-11-15,15,138
"3464",2016-11-16,7,136
"3465",2016-11-17,10,126
"3466",2016-11-18,14,107
"3467",2016-11-19,1,17
"3468",2016-11-20,1,20
"3469",2016-11-21,13,111
"3470",2016-11-22,10,97
"3471",2016-11-23,8,92
"3472",2016-11-24,2,7
"3473",2016-11-25,2,13
"3474",2016-11-27,1,18
"3475",2016-11-28,12,121
"3476",2016-11-29,7,143
"3477",2016-11-30,4,119
"3478",2016-12-01,6,122
"3479",2016-12-02,11,104
"3480",2016-12-03,2,8
"3481",2016-12-05,9,119
"3482",2016-12-06,16,135
"3483",2016-12-07,13,134
"3484",2016-12-08,9,121
"3485",2016-12-09,8,115
"3486",2016-12-10,1,19
"3487",2016-12-12,6,140
"3488",2016-12-13,15,146
"3489",2016-12-14,9,131
"3490",2016-12-15,8,135
"3491",2016-12-16,6,124
"3492",2016-12-17,1,12
"3493",2016-12-18,4,14
"3494",2016-12-19,14,116
"3495",2016-12-20,10,112
"3496",2016-12-21,10,98
"3497",2016-12-22,5,92
"3498",2016-12-23,1,31
"3499",2016-12-24,2,7
"3500",2016-12-27,2,31
"3501",2016-12-28,1,41
"3502",2016-12-29,1,45
"3503",2016-12-30,1,42
"3504",2017-01-01,1,12
"3505",2017-01-02,1,18
"3506",2017-01-03,6,112
"3507",2017-01-04,9,134
"3508",2017-01-05,8,126
"3509",2017-01-06,7,123
"3510",2017-01-07,1,13
"3511",2017-01-08,2,17
"3512",2017-01-09,4,141
"3513",2017-01-10,16,159
"3514",2017-01-11,4,165
"3515",2017-01-12,12,152
"3516",2017-01-13,14,109
"3517",2017-01-14,1,15
"3518",2017-01-16,3,25
"3519",2017-01-17,25,149
"3520",2017-01-18,27,167
"3521",2017-01-19,8,147
"3522",2017-01-20,11,146
"3523",2017-01-23,11,156
"3524",2017-01-24,7,149
"3525",2017-01-25,8,145
"3526",2017-01-26,14,135
"3527",2017-01-27,18,122
"3528",2017-01-28,2,18
"3529",2017-01-29,2,40
"3530",2017-01-30,5,147
"3531",2017-01-31,10,161
"3532",2017-02-01,8,129
"3533",2017-02-02,5,136
"3534",2017-02-03,8,124
"3535",2017-02-04,1,24
"3536",2017-02-05,1,20
"3537",2017-02-06,14,133
"3538",2017-02-07,3,142
"3539",2017-02-08,11,124
"3540",2017-02-09,10,133
"3541",2017-02-10,10,122
"3542",2017-02-11,2,19
"3543",2017-02-12,1,16
"3544",2017-02-13,9,113
"3545",2017-02-14,5,130
"3546",2017-02-15,8,140
"3547",2017-02-16,6,128
"3548",2017-02-17,7,106
"3549",2017-02-18,3,23
"3550",2017-02-19,2,18
"3551",2017-02-20,1,23
"3552",2017-02-21,7,106
"3553",2017-02-22,11,124
"3554",2017-02-23,12,126
"3555",2017-02-24,15,119
"3556",2017-02-25,3,27
"3557",2017-02-26,4,26
"3558",2017-02-27,18,136
"3559",2017-02-28,15,161
"3560",2017-03-01,9,137
"3561",2017-03-02,4,122
"3562",2017-03-03,5,117
"3563",2017-03-04,2,15
"3564",2017-03-06,12,137
"3565",2017-03-07,11,156
"3566",2017-03-08,17,141
"3567",2017-03-09,8,137
"3568",2017-03-10,7,106
"3569",2017-03-11,3,12
"3570",2017-03-12,1,24
"3571",2017-03-13,4,143
"3572",2017-03-14,9,109
"3573",2017-03-15,17,129
"3574",2017-03-16,9,137
"3575",2017-03-17,8,115
"3576",2017-03-18,3,20
"3577",2017-03-19,3,16
"3578",2017-03-20,12,135
"3579",2017-03-21,11,133
"3580",2017-03-22,15,150
"3581",2017-03-23,18,148
"3582",2017-03-24,16,124
"3583",2017-03-27,12,129
"3584",2017-03-28,13,137
"3585",2017-03-29,15,134
"3586",2017-03-30,14,141
"3587",2017-03-31,24,110
"3588",2017-04-02,3,23
"3589",2017-04-03,6,123
"3590",2017-04-04,13,128
"3591",2017-04-05,14,136
"3592",2017-04-06,9,132
"3593",2017-04-07,13,124
"3594",2017-04-08,2,11
"3595",2017-04-10,14,101
"3596",2017-04-11,13,121
"3597",2017-04-12,19,130
"3598",2017-04-13,12,109
"3599",2017-04-14,7,87
"3600",2017-04-15,1,15
"3601",2017-04-16,3,19
"3602",2017-04-17,8,115
"3603",2017-04-18,12,114
"3604",2017-04-19,11,118
"3605",2017-04-20,7,122
"3606",2017-04-21,11,118
"3607",2017-04-22,2,12
"3608",2017-04-23,7,30
"3609",2017-04-24,16,130
"3610",2017-04-25,19,132
"3611",2017-04-26,17,143
"3612",2017-04-27,11,139
"3613",2017-04-28,10,133
"3614",2017-04-29,4,29
"3615",2017-04-30,2,32
"3616",2017-05-01,12,124
"3617",2017-05-02,13,121
"3618",2017-05-03,15,132
"3619",2017-05-04,12,139
"3620",2017-05-05,15,126
"3621",2017-05-06,3,14
"3622",2017-05-07,3,24
"3623",2017-05-08,15,139
"3624",2017-05-09,8,143
"3625",2017-05-10,9,133
"3626",2017-05-11,20,135
"3627",2017-05-12,7,114
"3628",2017-05-13,3,17
"3629",2017-05-14,4,28
"3630",2017-05-15,19,134
"3631",2017-05-16,18,134
"3632",2017-05-17,18,136
"3633",2017-05-18,11,145
"3634",2017-05-19,19,108
"3635",2017-05-20,2,15
"3636",2017-05-21,1,28
"3637",2017-05-22,8,132
"3638",2017-05-23,5,123
"3639",2017-05-24,19,123
"3640",2017-05-25,18,126
"3641",2017-05-26,11,95
"3642",2017-05-27,1,17
"3643",2017-05-28,1,24
"3644",2017-05-29,2,14
"3645",2017-05-30,9,104
"3646",2017-05-31,13,115
"3647",2017-06-01,12,121
"3648",2017-06-02,11,116
"3649",2017-06-03,1,18
"3650",2017-06-05,13,127
"3651",2017-06-06,23,132
"3652",2017-06-07,18,150
"3653",2017-06-08,9,152
"3654",2017-06-09,21,115
"3655",2017-06-10,1,8
"3656",2017-06-11,3,30
"3657",2017-06-12,10,125
"3658",2017-06-13,18,153
"3659",2017-06-14,19,140
"3660",2017-06-15,14,149
"3661",2017-06-16,11,102
"3662",2017-06-17,3,16
"3663",2017-06-18,5,30
"3664",2017-06-19,16,124
"3665",2017-06-20,27,125
"3666",2017-06-21,22,129
"3667",2017-06-22,18,136
"3668",2017-06-23,13,100
"3669",2017-06-24,1,14
"3670",2017-06-25,1,16
"3671",2017-06-26,11,116
"3672",2017-06-27,8,130
"3673",2017-06-28,20,117
"3674",2017-06-29,11,136
"3675",2017-06-30,9,88
"3676",2017-07-01,3,22
"3677",2017-07-02,2,24
"3678",2017-07-03,7,37
"3679",2017-07-05,15,100
"3680",2017-07-06,14,104
"3681",2017-07-07,2,87
"3682",2017-07-09,2,20
"3683",2017-07-10,12,103
"3684",2017-07-11,14,111
"3685",2017-07-12,12,122
"3686",2017-07-13,12,134
"3687",2017-07-14,12,100
"3688",2017-07-16,4,21
"3689",2017-07-17,13,126
"3690",2017-07-18,23,115
"3691",2017-07-19,17,125
"3692",2017-07-20,13,105
"3693",2017-07-21,7,123
"3694",2017-07-23,3,17
"3695",2017-07-24,15,113
"3696",2017-07-25,16,123
"3697",2017-07-26,15,110
"3698",2017-07-27,18,121
"3699",2017-07-28,15,114
"3700",2017-07-29,2,19
"3701",2017-07-30,2,19
"3702",2017-07-31,16,120
"3703",2017-08-01,14,109
"3704",2017-08-02,11,112
"3705",2017-08-03,14,105
"3706",2017-08-04,10,89
"3707",2017-08-05,1,15
"3708",2017-08-06,3,20
"3709",2017-08-07,15,76
"3710",2017-08-08,13,90
"3711",2017-08-09,13,102
"3712",2017-08-10,8,104
"3713",2017-08-11,16,108
"3714",2017-08-13,3,27
"3715",2017-08-14,10,109
"3716",2017-08-15,15,106
"3717",2017-08-16,18,113
"3718",2017-08-17,19,103
"3719",2017-08-18,6,100
"3720",2017-08-19,7,24
"3721",2017-08-20,4,22
"3722",2017-08-21,12,97
"3723",2017-08-22,10,106
"3724",2017-08-23,14,111
"3725",2017-08-24,5,120
"3726",2017-08-25,14,106
"3727",2017-08-26,2,13
"3728",2017-08-28,3,68
"3729",2017-08-29,3,61
"3730",2017-08-30,6,71
"3731",2017-08-31,2,66
"3732",2017-09-01,3,59
"3733",2017-09-02,1,19
"3734",2017-09-03,1,17
"3735",2017-09-04,2,17
"3736",2017-09-05,13,125
"3737",2017-09-06,27,131
"3738",2017-09-07,13,191
"3739",2017-09-08,7,114
"3740",2017-09-10,1,22
"3741",2017-09-11,11,104
"3742",2017-09-12,16,138
"3743",2017-09-13,19,120
"3744",2017-09-14,21,131
"3745",2017-09-15,18,112
"3746",2017-09-16,4,20
"3747",2017-09-17,2,21
"3748",2017-09-18,12,127
"3749",2017-09-19,7,117
"3750",2017-09-20,18,123
"3751",2017-09-21,22,117
"3752",2017-09-22,18,118
"3753",2017-09-23,2,19
"3754",2017-09-24,5,24
"3755",2017-09-25,17,126
"3756",2017-09-26,26,137
"3757",2017-09-27,23,126
"3758",2017-09-28,20,137
"3759",2017-09-29,15,108
"3760",2017-10-01,1,16
"3761",2017-10-02,6,120
"3762",2017-10-03,10,110
"3763",2017-10-04,13,106
"3764",2017-10-05,13,123
"3765",2017-10-06,16,90
"3766",2007-01-19,NA,1
"3767",2007-01-21,NA,4
"3768",2007-01-25,NA,11
"3769",2007-01-26,NA,7
"3770",2007-02-08,NA,21
"3771",2007-02-09,NA,16
"3772",2007-02-10,NA,20
"3773",2007-02-11,NA,11
"3774",2007-02-15,NA,28
"3775",2007-02-17,NA,9
"3776",2007-02-18,NA,3
"3777",2007-02-20,NA,14
"3778",2007-03-03,NA,6
"3779",2007-03-10,NA,13
"3780",2007-03-15,NA,23
"3781",2007-03-18,NA,5
"3782",2007-03-22,NA,24
"3783",2007-03-24,NA,6
"3784",2007-03-31,NA,4
"3785",2007-04-01,NA,12
"3786",2007-04-03,NA,17
"3787",2007-04-08,NA,2
"3788",2007-04-19,NA,29
"3789",2007-04-21,NA,10
"3790",2007-04-28,NA,4
"3791",2007-05-05,NA,2
"3792",2007-05-06,NA,2
"3793",2007-06-08,NA,16
"3794",2007-07-01,NA,7
"3795",2007-07-05,NA,22
"3796",2007-08-30,NA,29
"3797",2007-09-07,NA,19
"3798",2007-09-09,NA,13
"3799",2007-09-20,NA,41
"3800",2007-11-04,NA,7
"3801",2007-12-06,NA,27
"3802",2008-05-25,NA,11
"3803",2008-06-14,NA,14
"3804",2008-11-15,NA,16
"3805",2008-11-21,NA,49
"3806",2008-11-23,NA,20
"3807",2008-11-27,NA,11
"3808",2008-11-28,NA,10
"3809",2008-12-19,NA,51
"3810",2008-12-20,NA,17
"3811",2008-12-25,NA,5
"3812",2008-12-27,NA,13
"3813",2009-01-07,NA,69
"3814",2009-01-17,NA,27
"3815",2009-01-25,NA,37
"3816",2009-01-31,NA,12
"3817",2009-02-08,NA,22
"3818",2009-02-21,NA,26
"3819",2009-02-22,NA,36
"3820",2009-03-08,NA,30
"3821",2009-03-15,NA,47
"3822",2009-03-21,NA,15
"3823",2009-04-04,NA,9
"3824",2009-04-18,NA,10
"3825",2009-04-19,NA,33
"3826",2009-05-25,NA,15
"3827",2009-05-30,NA,13
"3828",2009-06-06,NA,17
"3829",2009-06-07,NA,47
"3830",2009-07-18,NA,12
"3831",2009-07-25,NA,18
"3832",2009-10-03,NA,8
"3833",2009-12-26,NA,11
"3834",2010-05-08,NA,11
"3835",2010-11-20,NA,13
"3836",2010-12-11,NA,14
"3837",2010-12-24,NA,21
"3838",2011-01-01,NA,6
"3839",2011-01-02,NA,34
"3840",2011-02-05,NA,15
"3841",2011-02-26,NA,51
"3842",2011-03-12,NA,18
"3843",2011-04-02,NA,16
"3844",2011-05-29,NA,24
"3845",2011-06-04,NA,19
"3846",2012-03-17,NA,18
"3847",2012-11-18,NA,51
"3848",2012-11-24,NA,13
"3849",2013-01-12,NA,11
"3850",2013-02-16,NA,19
"3851",2013-02-23,NA,23
"3852",2013-04-13,NA,11
"3853",2013-05-25,NA,6
"3854",2013-06-01,NA,7
"3855",2013-06-15,NA,17
"3856",2013-07-27,NA,9
"3857",2013-08-18,NA,27
"3858",2013-11-16,NA,16
"3859",2013-11-23,NA,13
"3860",2013-11-30,NA,12
"3861",2013-12-25,NA,16
"3862",2013-12-28,NA,7
"3863",2014-01-18,NA,17
"3864",2014-01-19,NA,28
"3865",2014-02-09,NA,40
"3866",2014-04-19,NA,8
"3867",2014-04-20,NA,21
"3868",2014-05-03,NA,21
"3869",2014-05-31,NA,15
"3870",2014-06-28,NA,9
"3871",2014-07-27,NA,27
"3872",2014-08-23,NA,13
"3873",2014-11-22,NA,7
"3874",2014-11-27,NA,4
"3875",2014-11-29,NA,7
"3876",2014-11-30,NA,8
"3877",2014-12-13,NA,9
"3878",2014-12-14,NA,10
"3879",2014-12-20,NA,10
"3880",2014-12-21,NA,18
"3881",2014-12-25,NA,2
"3882",2015-01-03,NA,8
"3883",2015-01-04,NA,12
"3884",2015-01-17,NA,8
"3885",2015-03-22,NA,15
"3886",2015-04-04,NA,5
"3887",2015-04-25,NA,19
"3888",2015-11-26,NA,5
"3889",2016-07-10,NA,22
"3890",2016-11-26,NA,21
"3891",2016-12-04,NA,21
"3892",2016-12-11,NA,17
"3893",2016-12-25,NA,8
"3894",2016-12-26,NA,9
"3895",2016-12-31,NA,16
"3896",2017-01-15,NA,21
"3897",2017-01-21,NA,28
"3898",2017-01-22,NA,36
"3899",2017-03-05,NA,21
"3900",2017-03-25,NA,14
"3901",2017-03-26,NA,26
"3902",2017-04-01,NA,18
"3903",2017-04-09,NA,28
"3904",2017-06-04,NA,19
"3905",2017-07-04,NA,10
"3906",2017-07-08,NA,15
"3907",2017-07-15,NA,12
"3908",2017-07-22,NA,17
"3909",2017-08-12,NA,21
"3910",2017-08-27,NA,14
"3911",2017-09-09,NA,11
"3912",2017-09-30,NA,9
"3913",2017-10-07,NA,4
